scenario,policy,quote_ts,leg,tfi_at_quote,would_suppress,suppress_reason,original_end_reason,quote_lifetime_sec,cancel_aggressive_count_during_quote,quote_fade_count_during_quote,tfi_fade_count_during_quote
15bps,A_current,1777017777.356769,bid,-0.6793893129770994,False,,tfi_fade,0.24472284317016602,0,0,1
15bps,B_tfi_0p6,1777017777.356769,bid,-0.6793893129770994,True,tfi<=-0.6,tfi_fade,0.24472284317016602,0,0,1
15bps,C_tfi_0p7,1777017777.356769,bid,-0.6793893129770994,False,,tfi_fade,0.24472284317016602,0,0,1
15bps,D_tfi_0p8,1777017777.356769,bid,-0.6793893129770994,False,,tfi_fade,0.24472284317016602,0,0,1
15bps,A_current,1777017777.3577561,ask,-0.6793893129770994,False,,tfi_fade,0.24373579025268555,0,0,1
15bps,B_tfi_0p6,1777017777.3577561,ask,-0.6793893129770994,False,,tfi_fade,0.24373579025268555,0,0,1
15bps,C_tfi_0p7,1777017777.3577561,ask,-0.6793893129770994,False,,tfi_fade,0.24373579025268555,0,0,1
15bps,D_tfi_0p8,1777017777.3577561,ask,-0.6793893129770994,False,,tfi_fade,0.24373579025268555,0,0,1
15bps,A_current,1777017777.6034918,bid,-0.6793893129770994,False,,tfi_fade,0.24950098991394043,0,0,1
15bps,B_tfi_0p6,1777017777.6034918,bid,-0.6793893129770994,True,tfi<=-0.6,tfi_fade,0.24950098991394043,0,0,1
15bps,C_tfi_0p7,1777017777.6034918,bid,-0.6793893129770994,False,,tfi_fade,0.24950098991394043,0,0,1
15bps,D_tfi_0p8,1777017777.6034918,bid,-0.6793893129770994,False,,tfi_fade,0.24950098991394043,0,0,1
15bps,A_current,1777017777.6034918,ask,-0.6793893129770994,False,,tfi_fade,0.24950098991394043,0,0,1
15bps,B_tfi_0p6,1777017777.6034918,ask,-0.6793893129770994,False,,tfi_fade,0.24950098991394043,0,0,1
15bps,C_tfi_0p7,1777017777.6034918,ask,-0.6793893129770994,False,,tfi_fade,0.24950098991394043,0,0,1
15bps,D_tfi_0p8,1777017777.6034918,ask,-0.6793893129770994,False,,tfi_fade,0.24950098991394043,0,0,1
15bps,A_current,1777017777.8554993,bid,-0.6793893129770994,False,,cancel_aggressive,0.24454188346862793,1,0,0
15bps,B_tfi_0p6,1777017777.8554993,bid,-0.6793893129770994,True,tfi<=-0.6,cancel_aggressive,0.24454188346862793,1,0,0
15bps,C_tfi_0p7,1777017777.8554993,bid,-0.6793893129770994,False,,cancel_aggressive,0.24454188346862793,1,0,0
15bps,D_tfi_0p8,1777017777.8554993,bid,-0.6793893129770994,False,,cancel_aggressive,0.24454188346862793,1,0,0
15bps,A_current,1777017777.8554993,ask,-0.6793893129770994,False,,cancel_aggressive,0.24454188346862793,1,0,0
15bps,B_tfi_0p6,1777017777.8554993,ask,-0.6793893129770994,False,,cancel_aggressive,0.24454188346862793,1,0,0
15bps,C_tfi_0p7,1777017777.8554993,ask,-0.6793893129770994,False,,cancel_aggressive,0.24454188346862793,1,0,0
15bps,D_tfi_0p8,1777017777.8554993,ask,-0.6793893129770994,False,,cancel_aggressive,0.24454188346862793,1,0,0
15bps,A_current,1777017992.0071201,bid,0.8248175182481751,False,,cancel_aggressive,0.2499082088470459,1,0,0
15bps,B_tfi_0p6,1777017992.0071201,bid,0.8248175182481751,False,,cancel_aggressive,0.2499082088470459,1,0,0
15bps,C_tfi_0p7,1777017992.0071201,bid,0.8248175182481751,False,,cancel_aggressive,0.2499082088470459,1,0,0
15bps,D_tfi_0p8,1777017992.0071201,bid,0.8248175182481751,False,,cancel_aggressive,0.2499082088470459,1,0,0
15bps,A_current,1777017992.0071201,ask,0.8248175182481751,False,,cancel_aggressive,0.2499082088470459,1,0,0
15bps,B_tfi_0p6,1777017992.0071201,ask,0.8248175182481751,True,tfi>=0.6,cancel_aggressive,0.2499082088470459,1,0,0
15bps,C_tfi_0p7,1777017992.0071201,ask,0.8248175182481751,True,tfi>=0.7,cancel_aggressive,0.2499082088470459,1,0,0
15bps,D_tfi_0p8,1777017992.0071201,ask,0.8248175182481751,True,tfi>=0.8,cancel_aggressive,0.2499082088470459,1,0,0
15bps,A_current,1777018051.768666,bid,0.5258620689655171,False,,cancel_aggressive,0.23416638374328613,1,0,0
15bps,B_tfi_0p6,1777018051.768666,bid,0.5258620689655171,False,,cancel_aggressive,0.23416638374328613,1,0,0
15bps,C_tfi_0p7,1777018051.768666,bid,0.5258620689655171,False,,cancel_aggressive,0.23416638374328613,1,0,0
15bps,D_tfi_0p8,1777018051.768666,bid,0.5258620689655171,False,,cancel_aggressive,0.23416638374328613,1,0,0
15bps,A_current,1777018051.768666,ask,0.5258620689655171,False,,cancel_aggressive,0.23416638374328613,1,0,0
15bps,B_tfi_0p6,1777018051.768666,ask,0.5258620689655171,False,,cancel_aggressive,0.23416638374328613,1,0,0
15bps,C_tfi_0p7,1777018051.768666,ask,0.5258620689655171,False,,cancel_aggressive,0.23416638374328613,1,0,0
15bps,D_tfi_0p8,1777018051.768666,ask,0.5258620689655171,False,,cancel_aggressive,0.23416638374328613,1,0,0
15bps,A_current,1777018065.989623,bid,0.8253867344776437,False,,tfi_fade,0.24599409103393555,0,0,1
15bps,B_tfi_0p6,1777018065.989623,bid,0.8253867344776437,False,,tfi_fade,0.24599409103393555,0,0,1
15bps,C_tfi_0p7,1777018065.989623,bid,0.8253867344776437,False,,tfi_fade,0.24599409103393555,0,0,1
15bps,D_tfi_0p8,1777018065.989623,bid,0.8253867344776437,False,,tfi_fade,0.24599409103393555,0,0,1
15bps,A_current,1777018065.989623,ask,0.8253867344776437,False,,tfi_fade,0.24599409103393555,0,0,1
15bps,B_tfi_0p6,1777018065.989623,ask,0.8253867344776437,True,tfi>=0.6,tfi_fade,0.24599409103393555,0,0,1
15bps,C_tfi_0p7,1777018065.989623,ask,0.8253867344776437,True,tfi>=0.7,tfi_fade,0.24599409103393555,0,0,1
15bps,D_tfi_0p8,1777018065.989623,ask,0.8253867344776437,True,tfi>=0.8,tfi_fade,0.24599409103393555,0,0,1
15bps,A_current,1777018066.2391245,bid,0.8253867344776437,False,,tfi_fade,0.260361909866333,0,0,1
15bps,B_tfi_0p6,1777018066.2391245,bid,0.8253867344776437,False,,tfi_fade,0.260361909866333,0,0,1
15bps,C_tfi_0p7,1777018066.2391245,bid,0.8253867344776437,False,,tfi_fade,0.260361909866333,0,0,1
15bps,D_tfi_0p8,1777018066.2391245,bid,0.8253867344776437,False,,tfi_fade,0.260361909866333,0,0,1
15bps,A_current,1777018066.2391245,ask,0.8253867344776437,False,,tfi_fade,0.260361909866333,0,0,1
15bps,B_tfi_0p6,1777018066.2391245,ask,0.8253867344776437,True,tfi>=0.6,tfi_fade,0.260361909866333,0,0,1
15bps,C_tfi_0p7,1777018066.2391245,ask,0.8253867344776437,True,tfi>=0.7,tfi_fade,0.260361909866333,0,0,1
15bps,D_tfi_0p8,1777018066.2391245,ask,0.8253867344776437,True,tfi>=0.8,tfi_fade,0.260361909866333,0,0,1
15bps,A_current,1777018066.5024848,bid,0.8253867344776437,False,,quote_fade,0.26114821434020996,0,1,0
15bps,B_tfi_0p6,1777018066.5024848,bid,0.8253867344776437,False,,quote_fade,0.26114821434020996,0,1,0
15bps,C_tfi_0p7,1777018066.5024848,bid,0.8253867344776437,False,,quote_fade,0.26114821434020996,0,1,0
15bps,D_tfi_0p8,1777018066.5024848,bid,0.8253867344776437,False,,quote_fade,0.26114821434020996,0,1,0
15bps,A_current,1777018066.5024848,ask,0.8253867344776437,False,,quote_fade,0.26114821434020996,0,1,0
15bps,B_tfi_0p6,1777018066.5024848,ask,0.8253867344776437,True,tfi>=0.6,quote_fade,0.26114821434020996,0,1,0
15bps,C_tfi_0p7,1777018066.5024848,ask,0.8253867344776437,True,tfi>=0.7,quote_fade,0.26114821434020996,0,1,0
15bps,D_tfi_0p8,1777018066.5024848,ask,0.8253867344776437,True,tfi>=0.8,quote_fade,0.26114821434020996,0,1,0
15bps,A_current,1777018067.015624,bid,0.8253867344776437,False,,tfi_fade,0.26117753982543945,0,0,1
15bps,B_tfi_0p6,1777018067.015624,bid,0.8253867344776437,False,,tfi_fade,0.26117753982543945,0,0,1
15bps,C_tfi_0p7,1777018067.015624,bid,0.8253867344776437,False,,tfi_fade,0.26117753982543945,0,0,1
15bps,D_tfi_0p8,1777018067.015624,bid,0.8253867344776437,False,,tfi_fade,0.26117753982543945,0,0,1
15bps,A_current,1777018067.015624,ask,0.8253867344776437,False,,tfi_fade,0.26117753982543945,0,0,1
15bps,B_tfi_0p6,1777018067.015624,ask,0.8253867344776437,True,tfi>=0.6,tfi_fade,0.26117753982543945,0,0,1
15bps,C_tfi_0p7,1777018067.015624,ask,0.8253867344776437,True,tfi>=0.7,tfi_fade,0.26117753982543945,0,0,1
15bps,D_tfi_0p8,1777018067.015624,ask,0.8253867344776437,True,tfi>=0.8,tfi_fade,0.26117753982543945,0,0,1
15bps,A_current,1777018067.2793102,bid,0.8253867344776437,False,,cancel_aggressive,0.26177501678466797,1,0,0
15bps,B_tfi_0p6,1777018067.2793102,bid,0.8253867344776437,False,,cancel_aggressive,0.26177501678466797,1,0,0
15bps,C_tfi_0p7,1777018067.2793102,bid,0.8253867344776437,False,,cancel_aggressive,0.26177501678466797,1,0,0
15bps,D_tfi_0p8,1777018067.2793102,bid,0.8253867344776437,False,,cancel_aggressive,0.26177501678466797,1,0,0
15bps,A_current,1777018067.2793102,ask,0.8253867344776437,False,,cancel_aggressive,0.26177501678466797,1,0,0
15bps,B_tfi_0p6,1777018067.2793102,ask,0.8253867344776437,True,tfi>=0.6,cancel_aggressive,0.26177501678466797,1,0,0
15bps,C_tfi_0p7,1777018067.2793102,ask,0.8253867344776437,True,tfi>=0.7,cancel_aggressive,0.26177501678466797,1,0,0
15bps,D_tfi_0p8,1777018067.2793102,ask,0.8253867344776437,True,tfi>=0.8,cancel_aggressive,0.26177501678466797,1,0,0
15bps,A_current,1777018195.0061872,bid,-0.17231222385861586,False,,cancel_aggressive,0.2495746612548828,1,0,0
15bps,B_tfi_0p6,1777018195.0061872,bid,-0.17231222385861586,False,,cancel_aggressive,0.2495746612548828,1,0,0
15bps,C_tfi_0p7,1777018195.0061872,bid,-0.17231222385861586,False,,cancel_aggressive,0.2495746612548828,1,0,0
15bps,D_tfi_0p8,1777018195.0061872,bid,-0.17231222385861586,False,,cancel_aggressive,0.2495746612548828,1,0,0
15bps,A_current,1777018195.0061872,ask,-0.17231222385861586,False,,cancel_aggressive,0.2495746612548828,1,0,0
15bps,B_tfi_0p6,1777018195.0061872,ask,-0.17231222385861586,False,,cancel_aggressive,0.2495746612548828,1,0,0
15bps,C_tfi_0p7,1777018195.0061872,ask,-0.17231222385861586,False,,cancel_aggressive,0.2495746612548828,1,0,0
15bps,D_tfi_0p8,1777018195.0061872,ask,-0.17231222385861586,False,,cancel_aggressive,0.2495746612548828,1,0,0
15bps,A_current,1777018199.0117416,bid,-0.9483870967741936,False,,cancel_aggressive,0.2520468235015869,1,0,0
15bps,B_tfi_0p6,1777018199.0117416,bid,-0.9483870967741936,True,tfi<=-0.6,cancel_aggressive,0.2520468235015869,1,0,0
15bps,C_tfi_0p7,1777018199.0117416,bid,-0.9483870967741936,True,tfi<=-0.7,cancel_aggressive,0.2520468235015869,1,0,0
15bps,D_tfi_0p8,1777018199.0117416,bid,-0.9483870967741936,True,tfi<=-0.8,cancel_aggressive,0.2520468235015869,1,0,0
15bps,A_current,1777018199.0127413,ask,-0.9483870967741936,False,,cancel_aggressive,0.25104713439941406,1,0,0
15bps,B_tfi_0p6,1777018199.0127413,ask,-0.9483870967741936,False,,cancel_aggressive,0.25104713439941406,1,0,0
15bps,C_tfi_0p7,1777018199.0127413,ask,-0.9483870967741936,False,,cancel_aggressive,0.25104713439941406,1,0,0
15bps,D_tfi_0p8,1777018199.0127413,ask,-0.9483870967741936,False,,cancel_aggressive,0.25104713439941406,1,0,0
15bps,A_current,1777018251.1800282,bid,0.6865671641791042,False,,cancel_aggressive,0.2490828037261963,1,0,0
15bps,B_tfi_0p6,1777018251.1800282,bid,0.6865671641791042,False,,cancel_aggressive,0.2490828037261963,1,0,0
15bps,C_tfi_0p7,1777018251.1800282,bid,0.6865671641791042,False,,cancel_aggressive,0.2490828037261963,1,0,0
15bps,D_tfi_0p8,1777018251.1800282,bid,0.6865671641791042,False,,cancel_aggressive,0.2490828037261963,1,0,0
15bps,A_current,1777018251.1800282,ask,0.6865671641791042,False,,cancel_aggressive,0.2490828037261963,1,0,0
15bps,B_tfi_0p6,1777018251.1800282,ask,0.6865671641791042,True,tfi>=0.6,cancel_aggressive,0.2490828037261963,1,0,0
15bps,C_tfi_0p7,1777018251.1800282,ask,0.6865671641791042,False,,cancel_aggressive,0.2490828037261963,1,0,0
15bps,D_tfi_0p8,1777018251.1800282,ask,0.6865671641791042,False,,cancel_aggressive,0.2490828037261963,1,0,0
15bps,A_current,1777018288.8058763,bid,0.5488215488215488,False,,cancel_aggressive,0.25226902961730957,1,0,0
15bps,B_tfi_0p6,1777018288.8058763,bid,0.5488215488215488,False,,cancel_aggressive,0.25226902961730957,1,0,0
15bps,C_tfi_0p7,1777018288.8058763,bid,0.5488215488215488,False,,cancel_aggressive,0.25226902961730957,1,0,0
15bps,D_tfi_0p8,1777018288.8058763,bid,0.5488215488215488,False,,cancel_aggressive,0.25226902961730957,1,0,0
15bps,A_current,1777018288.8058763,ask,0.5488215488215488,False,,cancel_aggressive,0.25226902961730957,1,0,0
15bps,B_tfi_0p6,1777018288.8058763,ask,0.5488215488215488,False,,cancel_aggressive,0.25226902961730957,1,0,0
15bps,C_tfi_0p7,1777018288.8058763,ask,0.5488215488215488,False,,cancel_aggressive,0.25226902961730957,1,0,0
15bps,D_tfi_0p8,1777018288.8058763,ask,0.5488215488215488,False,,cancel_aggressive,0.25226902961730957,1,0,0
18bps,A_current,1777018572.855171,bid,0.9847890384499307,False,,cancel_aggressive,0.2462306022644043,1,0,0
18bps,B_tfi_0p6,1777018572.855171,bid,0.9847890384499307,False,,cancel_aggressive,0.2462306022644043,1,0,0
18bps,C_tfi_0p7,1777018572.855171,bid,0.9847890384499307,False,,cancel_aggressive,0.2462306022644043,1,0,0
18bps,D_tfi_0p8,1777018572.855171,bid,0.9847890384499307,False,,cancel_aggressive,0.2462306022644043,1,0,0
18bps,A_current,1777018572.856172,ask,0.9847890384499307,False,,cancel_aggressive,0.24522948265075684,1,0,0
18bps,B_tfi_0p6,1777018572.856172,ask,0.9847890384499307,True,tfi>=0.6,cancel_aggressive,0.24522948265075684,1,0,0
18bps,C_tfi_0p7,1777018572.856172,ask,0.9847890384499307,True,tfi>=0.7,cancel_aggressive,0.24522948265075684,1,0,0
18bps,D_tfi_0p8,1777018572.856172,ask,0.9847890384499307,True,tfi>=0.8,cancel_aggressive,0.24522948265075684,1,0,0
18bps,A_current,1777018573.3473864,bid,0.992755706318634,False,,cancel_aggressive,0.2541501522064209,1,0,0
18bps,B_tfi_0p6,1777018573.3473864,bid,0.992755706318634,False,,cancel_aggressive,0.2541501522064209,1,0,0
18bps,C_tfi_0p7,1777018573.3473864,bid,0.992755706318634,False,,cancel_aggressive,0.2541501522064209,1,0,0
18bps,D_tfi_0p8,1777018573.3473864,bid,0.992755706318634,False,,cancel_aggressive,0.2541501522064209,1,0,0
18bps,A_current,1777018573.3473864,ask,0.992755706318634,False,,cancel_aggressive,0.2541501522064209,1,0,0
18bps,B_tfi_0p6,1777018573.3473864,ask,0.992755706318634,True,tfi>=0.6,cancel_aggressive,0.2541501522064209,1,0,0
18bps,C_tfi_0p7,1777018573.3473864,ask,0.992755706318634,True,tfi>=0.7,cancel_aggressive,0.2541501522064209,1,0,0
18bps,D_tfi_0p8,1777018573.3473864,ask,0.992755706318634,True,tfi>=0.8,cancel_aggressive,0.2541501522064209,1,0,0
18bps,A_current,1777018581.1001105,bid,0.5562776957163975,False,,cancel_aggressive,0.25906968116760254,1,0,0
18bps,B_tfi_0p6,1777018581.1001105,bid,0.5562776957163975,False,,cancel_aggressive,0.25906968116760254,1,0,0
18bps,C_tfi_0p7,1777018581.1001105,bid,0.5562776957163975,False,,cancel_aggressive,0.25906968116760254,1,0,0
18bps,D_tfi_0p8,1777018581.1001105,bid,0.5562776957163975,False,,cancel_aggressive,0.25906968116760254,1,0,0
18bps,A_current,1777018581.1001105,ask,0.5562776957163975,False,,cancel_aggressive,0.25906968116760254,1,0,0
18bps,B_tfi_0p6,1777018581.1001105,ask,0.5562776957163975,False,,cancel_aggressive,0.25906968116760254,1,0,0
18bps,C_tfi_0p7,1777018581.1001105,ask,0.5562776957163975,False,,cancel_aggressive,0.25906968116760254,1,0,0
18bps,D_tfi_0p8,1777018581.1001105,ask,0.5562776957163975,False,,cancel_aggressive,0.25906968116760254,1,0,0
18bps,A_current,1777018581.604276,bid,0.9073120494335739,False,,cancel_aggressive,0.25106215476989746,1,0,0
18bps,B_tfi_0p6,1777018581.604276,bid,0.9073120494335739,False,,cancel_aggressive,0.25106215476989746,1,0,0
18bps,C_tfi_0p7,1777018581.604276,bid,0.9073120494335739,False,,cancel_aggressive,0.25106215476989746,1,0,0
18bps,D_tfi_0p8,1777018581.604276,bid,0.9073120494335739,False,,cancel_aggressive,0.25106215476989746,1,0,0
18bps,A_current,1777018581.604276,ask,0.9073120494335739,False,,cancel_aggressive,0.25106215476989746,1,0,0
18bps,B_tfi_0p6,1777018581.604276,ask,0.9073120494335739,True,tfi>=0.6,cancel_aggressive,0.25106215476989746,1,0,0
18bps,C_tfi_0p7,1777018581.604276,ask,0.9073120494335739,True,tfi>=0.7,cancel_aggressive,0.25106215476989746,1,0,0
18bps,D_tfi_0p8,1777018581.604276,ask,0.9073120494335739,True,tfi>=0.8,cancel_aggressive,0.25106215476989746,1,0,0
18bps,A_current,1777018622.80497,bid,0.6433531746031748,False,,cancel_aggressive,0.26344799995422363,1,0,0
18bps,B_tfi_0p6,1777018622.80497,bid,0.6433531746031748,False,,cancel_aggressive,0.26344799995422363,1,0,0
18bps,C_tfi_0p7,1777018622.80497,bid,0.6433531746031748,False,,cancel_aggressive,0.26344799995422363,1,0,0
18bps,D_tfi_0p8,1777018622.80497,bid,0.6433531746031748,False,,cancel_aggressive,0.26344799995422363,1,0,0
18bps,A_current,1777018622.805969,ask,0.6433531746031748,False,,cancel_aggressive,0.2624490261077881,1,0,0
18bps,B_tfi_0p6,1777018622.805969,ask,0.6433531746031748,True,tfi>=0.6,cancel_aggressive,0.2624490261077881,1,0,0
18bps,C_tfi_0p7,1777018622.805969,ask,0.6433531746031748,False,,cancel_aggressive,0.2624490261077881,1,0,0
18bps,D_tfi_0p8,1777018622.805969,ask,0.6433531746031748,False,,cancel_aggressive,0.2624490261077881,1,0,0
18bps,A_current,1777018632.0668876,bid,0.5993250498542722,False,,cancel_aggressive,0.23005986213684082,1,0,0
18bps,B_tfi_0p6,1777018632.0668876,bid,0.5993250498542722,False,,cancel_aggressive,0.23005986213684082,1,0,0
18bps,C_tfi_0p7,1777018632.0668876,bid,0.5993250498542722,False,,cancel_aggressive,0.23005986213684082,1,0,0
18bps,D_tfi_0p8,1777018632.0668876,bid,0.5993250498542722,False,,cancel_aggressive,0.23005986213684082,1,0,0
18bps,A_current,1777018632.0668876,ask,0.5993250498542722,False,,cancel_aggressive,0.23005986213684082,1,0,0
18bps,B_tfi_0p6,1777018632.0668876,ask,0.5993250498542722,False,,cancel_aggressive,0.23005986213684082,1,0,0
18bps,C_tfi_0p7,1777018632.0668876,ask,0.5993250498542722,False,,cancel_aggressive,0.23005986213684082,1,0,0
18bps,D_tfi_0p8,1777018632.0668876,ask,0.5993250498542722,False,,cancel_aggressive,0.23005986213684082,1,0,0
18bps,A_current,1777018745.305286,bid,0.5551689860834994,False,,cancel_aggressive,0.27044105529785156,1,0,0
18bps,B_tfi_0p6,1777018745.305286,bid,0.5551689860834994,False,,cancel_aggressive,0.27044105529785156,1,0,0
18bps,C_tfi_0p7,1777018745.305286,bid,0.5551689860834994,False,,cancel_aggressive,0.27044105529785156,1,0,0
18bps,D_tfi_0p8,1777018745.305286,bid,0.5551689860834994,False,,cancel_aggressive,0.27044105529785156,1,0,0
18bps,A_current,1777018745.305286,ask,0.5551689860834994,False,,cancel_aggressive,0.27044105529785156,1,0,0
18bps,B_tfi_0p6,1777018745.305286,ask,0.5551689860834994,False,,cancel_aggressive,0.27044105529785156,1,0,0
18bps,C_tfi_0p7,1777018745.305286,ask,0.5551689860834994,False,,cancel_aggressive,0.27044105529785156,1,0,0
18bps,D_tfi_0p8,1777018745.305286,ask,0.5551689860834994,False,,cancel_aggressive,0.27044105529785156,1,0,0
18bps,A_current,1777018766.5049949,bid,0.7052922864060879,False,,cancel_aggressive,0.2619619369506836,1,0,0
18bps,B_tfi_0p6,1777018766.5049949,bid,0.7052922864060879,False,,cancel_aggressive,0.2619619369506836,1,0,0
18bps,C_tfi_0p7,1777018766.5049949,bid,0.7052922864060879,False,,cancel_aggressive,0.2619619369506836,1,0,0
18bps,D_tfi_0p8,1777018766.5049949,bid,0.7052922864060879,False,,cancel_aggressive,0.2619619369506836,1,0,0
18bps,A_current,1777018766.5049949,ask,0.7052922864060879,False,,cancel_aggressive,0.2619619369506836,1,0,0
18bps,B_tfi_0p6,1777018766.5049949,ask,0.7052922864060879,True,tfi>=0.6,cancel_aggressive,0.2619619369506836,1,0,0
18bps,C_tfi_0p7,1777018766.5049949,ask,0.7052922864060879,True,tfi>=0.7,cancel_aggressive,0.2619619369506836,1,0,0
18bps,D_tfi_0p8,1777018766.5049949,ask,0.7052922864060879,False,,cancel_aggressive,0.2619619369506836,1,0,0
18bps,A_current,1777018790.6030629,bid,0.08119135046919641,False,,cancel_aggressive,0.25795531272888184,1,0,0
18bps,B_tfi_0p6,1777018790.6030629,bid,0.08119135046919641,False,,cancel_aggressive,0.25795531272888184,1,0,0
18bps,C_tfi_0p7,1777018790.6030629,bid,0.08119135046919641,False,,cancel_aggressive,0.25795531272888184,1,0,0
18bps,D_tfi_0p8,1777018790.6030629,bid,0.08119135046919641,False,,cancel_aggressive,0.25795531272888184,1,0,0
18bps,A_current,1777018790.6030629,ask,0.08119135046919641,False,,cancel_aggressive,0.25795531272888184,1,0,0
18bps,B_tfi_0p6,1777018790.6030629,ask,0.08119135046919641,False,,cancel_aggressive,0.25795531272888184,1,0,0
18bps,C_tfi_0p7,1777018790.6030629,ask,0.08119135046919641,False,,cancel_aggressive,0.25795531272888184,1,0,0
18bps,D_tfi_0p8,1777018790.6030629,ask,0.08119135046919641,False,,cancel_aggressive,0.25795531272888184,1,0,0
18bps,A_current,1777018792.1463847,bid,0.3021442495126712,False,,cancel_aggressive,0.7937793731689453,1,0,0
18bps,B_tfi_0p6,1777018792.1463847,bid,0.3021442495126712,False,,cancel_aggressive,0.7937793731689453,1,0,0
18bps,C_tfi_0p7,1777018792.1463847,bid,0.3021442495126712,False,,cancel_aggressive,0.7937793731689453,1,0,0
18bps,D_tfi_0p8,1777018792.1463847,bid,0.3021442495126712,False,,cancel_aggressive,0.7937793731689453,1,0,0
18bps,A_current,1777018792.1473827,ask,0.3021442495126712,False,,cancel_aggressive,0.7927813529968262,1,0,0
18bps,B_tfi_0p6,1777018792.1473827,ask,0.3021442495126712,False,,cancel_aggressive,0.7927813529968262,1,0,0
18bps,C_tfi_0p7,1777018792.1473827,ask,0.3021442495126712,False,,cancel_aggressive,0.7927813529968262,1,0,0
18bps,D_tfi_0p8,1777018792.1473827,ask,0.3021442495126712,False,,cancel_aggressive,0.7927813529968262,1,0,0
18bps,A_current,1777018792.4111507,bid,0.3021442495126712,False,,cancel_aggressive,0.5290133953094482,1,0,0
18bps,B_tfi_0p6,1777018792.4111507,bid,0.3021442495126712,False,,cancel_aggressive,0.5290133953094482,1,0,0
18bps,C_tfi_0p7,1777018792.4111507,bid,0.3021442495126712,False,,cancel_aggressive,0.5290133953094482,1,0,0
18bps,D_tfi_0p8,1777018792.4111507,bid,0.3021442495126712,False,,cancel_aggressive,0.5290133953094482,1,0,0
18bps,A_current,1777018792.4121509,ask,0.3021442495126712,False,,cancel_aggressive,0.5280132293701172,1,0,0
18bps,B_tfi_0p6,1777018792.4121509,ask,0.3021442495126712,False,,cancel_aggressive,0.5280132293701172,1,0,0
18bps,C_tfi_0p7,1777018792.4121509,ask,0.3021442495126712,False,,cancel_aggressive,0.5280132293701172,1,0,0
18bps,D_tfi_0p8,1777018792.4121509,ask,0.3021442495126712,False,,cancel_aggressive,0.5280132293701172,1,0,0
18bps,A_current,1777018792.675962,bid,0.3021442495126712,False,,cancel_aggressive,0.2642021179199219,1,0,0
18bps,B_tfi_0p6,1777018792.675962,bid,0.3021442495126712,False,,cancel_aggressive,0.2642021179199219,1,0,0
18bps,C_tfi_0p7,1777018792.675962,bid,0.3021442495126712,False,,cancel_aggressive,0.2642021179199219,1,0,0
18bps,D_tfi_0p8,1777018792.675962,bid,0.3021442495126712,False,,cancel_aggressive,0.2642021179199219,1,0,0
18bps,A_current,1777018792.675962,ask,0.3021442495126712,False,,cancel_aggressive,0.2642021179199219,1,0,0
18bps,B_tfi_0p6,1777018792.675962,ask,0.3021442495126712,False,,cancel_aggressive,0.2642021179199219,1,0,0
18bps,C_tfi_0p7,1777018792.675962,ask,0.3021442495126712,False,,cancel_aggressive,0.2642021179199219,1,0,0
18bps,D_tfi_0p8,1777018792.675962,ask,0.3021442495126712,False,,cancel_aggressive,0.2642021179199219,1,0,0
18bps,A_current,1777018853.0694318,bid,-0.2798434442270069,False,,cancel_aggressive,0.48397397994995117,1,0,0
18bps,B_tfi_0p6,1777018853.0694318,bid,-0.2798434442270069,False,,cancel_aggressive,0.48397397994995117,1,0,0
18bps,C_tfi_0p7,1777018853.0694318,bid,-0.2798434442270069,False,,cancel_aggressive,0.48397397994995117,1,0,0
18bps,D_tfi_0p8,1777018853.0694318,bid,-0.2798434442270069,False,,cancel_aggressive,0.48397397994995117,1,0,0
18bps,A_current,1777018853.0694318,ask,-0.2798434442270069,False,,cancel_aggressive,0.48397397994995117,1,0,0
18bps,B_tfi_0p6,1777018853.0694318,ask,-0.2798434442270069,False,,cancel_aggressive,0.48397397994995117,1,0,0
18bps,C_tfi_0p7,1777018853.0694318,ask,-0.2798434442270069,False,,cancel_aggressive,0.48397397994995117,1,0,0
18bps,D_tfi_0p8,1777018853.0694318,ask,-0.2798434442270069,False,,cancel_aggressive,0.48397397994995117,1,0,0
18bps,A_current,1777018853.3056107,bid,-0.2798434442270069,False,,cancel_aggressive,0.24779510498046875,1,0,0
18bps,B_tfi_0p6,1777018853.3056107,bid,-0.2798434442270069,False,,cancel_aggressive,0.24779510498046875,1,0,0
18bps,C_tfi_0p7,1777018853.3056107,bid,-0.2798434442270069,False,,cancel_aggressive,0.24779510498046875,1,0,0
18bps,D_tfi_0p8,1777018853.3056107,bid,-0.2798434442270069,False,,cancel_aggressive,0.24779510498046875,1,0,0
18bps,A_current,1777018853.3056107,ask,-0.2798434442270069,False,,cancel_aggressive,0.24779510498046875,1,0,0
18bps,B_tfi_0p6,1777018853.3056107,ask,-0.2798434442270069,False,,cancel_aggressive,0.24779510498046875,1,0,0
18bps,C_tfi_0p7,1777018853.3056107,ask,-0.2798434442270069,False,,cancel_aggressive,0.24779510498046875,1,0,0
18bps,D_tfi_0p8,1777018853.3056107,ask,-0.2798434442270069,False,,cancel_aggressive,0.24779510498046875,1,0,0
18bps,A_current,1777018865.8662395,bid,-0.5196977873718299,False,,cancel_aggressive,0.23768234252929688,1,0,0
18bps,B_tfi_0p6,1777018865.8662395,bid,-0.5196977873718299,False,,cancel_aggressive,0.23768234252929688,1,0,0
18bps,C_tfi_0p7,1777018865.8662395,bid,-0.5196977873718299,False,,cancel_aggressive,0.23768234252929688,1,0,0
18bps,D_tfi_0p8,1777018865.8662395,bid,-0.5196977873718299,False,,cancel_aggressive,0.23768234252929688,1,0,0
18bps,A_current,1777018865.8662395,ask,-0.5196977873718299,False,,cancel_aggressive,0.23768234252929688,1,0,0
18bps,B_tfi_0p6,1777018865.8662395,ask,-0.5196977873718299,False,,cancel_aggressive,0.23768234252929688,1,0,0
18bps,C_tfi_0p7,1777018865.8662395,ask,-0.5196977873718299,False,,cancel_aggressive,0.23768234252929688,1,0,0
18bps,D_tfi_0p8,1777018865.8662395,ask,-0.5196977873718299,False,,cancel_aggressive,0.23768234252929688,1,0,0
18bps,A_current,1777018873.6097963,bid,0.2312608948285886,False,,cancel_aggressive,0.2530028820037842,1,0,0
18bps,B_tfi_0p6,1777018873.6097963,bid,0.2312608948285886,False,,cancel_aggressive,0.2530028820037842,1,0,0
18bps,C_tfi_0p7,1777018873.6097963,bid,0.2312608948285886,False,,cancel_aggressive,0.2530028820037842,1,0,0
18bps,D_tfi_0p8,1777018873.6097963,bid,0.2312608948285886,False,,cancel_aggressive,0.2530028820037842,1,0,0
18bps,A_current,1777018873.6102986,ask,0.2312608948285886,False,,cancel_aggressive,0.2525005340576172,1,0,0
18bps,B_tfi_0p6,1777018873.6102986,ask,0.2312608948285886,False,,cancel_aggressive,0.2525005340576172,1,0,0
18bps,C_tfi_0p7,1777018873.6102986,ask,0.2312608948285886,False,,cancel_aggressive,0.2525005340576172,1,0,0
18bps,D_tfi_0p8,1777018873.6102986,ask,0.2312608948285886,False,,cancel_aggressive,0.2525005340576172,1,0,0
18bps,A_current,1777018885.8733628,bid,0.9937322787643635,False,,cancel_aggressive,0.22780895233154297,1,0,0
18bps,B_tfi_0p6,1777018885.8733628,bid,0.9937322787643635,False,,cancel_aggressive,0.22780895233154297,1,0,0
18bps,C_tfi_0p7,1777018885.8733628,bid,0.9937322787643635,False,,cancel_aggressive,0.22780895233154297,1,0,0
18bps,D_tfi_0p8,1777018885.8733628,bid,0.9937322787643635,False,,cancel_aggressive,0.22780895233154297,1,0,0
18bps,A_current,1777018885.8743663,ask,0.9937322787643635,False,,cancel_aggressive,0.2268054485321045,1,0,0
18bps,B_tfi_0p6,1777018885.8743663,ask,0.9937322787643635,True,tfi>=0.6,cancel_aggressive,0.2268054485321045,1,0,0
18bps,C_tfi_0p7,1777018885.8743663,ask,0.9937322787643635,True,tfi>=0.7,cancel_aggressive,0.2268054485321045,1,0,0
18bps,D_tfi_0p8,1777018885.8743663,ask,0.9937322787643635,True,tfi>=0.8,cancel_aggressive,0.2268054485321045,1,0,0
18bps,A_current,1777018903.8984728,bid,-0.3248394004282643,False,,cancel_aggressive,0.2642960548400879,1,0,0
18bps,B_tfi_0p6,1777018903.8984728,bid,-0.3248394004282643,False,,cancel_aggressive,0.2642960548400879,1,0,0
18bps,C_tfi_0p7,1777018903.8984728,bid,-0.3248394004282643,False,,cancel_aggressive,0.2642960548400879,1,0,0
18bps,D_tfi_0p8,1777018903.8984728,bid,-0.3248394004282643,False,,cancel_aggressive,0.2642960548400879,1,0,0
18bps,A_current,1777018903.899541,ask,-0.3248394004282643,False,,cancel_aggressive,0.2632279396057129,1,0,0
18bps,B_tfi_0p6,1777018903.899541,ask,-0.3248394004282643,False,,cancel_aggressive,0.2632279396057129,1,0,0
18bps,C_tfi_0p7,1777018903.899541,ask,-0.3248394004282643,False,,cancel_aggressive,0.2632279396057129,1,0,0
18bps,D_tfi_0p8,1777018903.899541,ask,-0.3248394004282643,False,,cancel_aggressive,0.2632279396057129,1,0,0
18bps,A_current,1777018944.6044497,bid,-0.3008356545961,False,,quote_fade,0.24787664413452148,0,1,0
18bps,B_tfi_0p6,1777018944.6044497,bid,-0.3008356545961,False,,quote_fade,0.24787664413452148,0,1,0
18bps,C_tfi_0p7,1777018944.6044497,bid,-0.3008356545961,False,,quote_fade,0.24787664413452148,0,1,0
18bps,D_tfi_0p8,1777018944.6044497,bid,-0.3008356545961,False,,quote_fade,0.24787664413452148,0,1,0
18bps,A_current,1777018944.605451,ask,-0.3008356545961,False,,quote_fade,0.24687528610229492,0,1,0
18bps,B_tfi_0p6,1777018944.605451,ask,-0.3008356545961,False,,quote_fade,0.24687528610229492,0,1,0
18bps,C_tfi_0p7,1777018944.605451,ask,-0.3008356545961,False,,quote_fade,0.24687528610229492,0,1,0
18bps,D_tfi_0p8,1777018944.605451,ask,-0.3008356545961,False,,quote_fade,0.24687528610229492,0,1,0
18bps,A_current,1777018960.803665,bid,-0.2772955687528554,False,,cancel_aggressive,0.2555234432220459,1,0,0
18bps,B_tfi_0p6,1777018960.803665,bid,-0.2772955687528554,False,,cancel_aggressive,0.2555234432220459,1,0,0
18bps,C_tfi_0p7,1777018960.803665,bid,-0.2772955687528554,False,,cancel_aggressive,0.2555234432220459,1,0,0
18bps,D_tfi_0p8,1777018960.803665,bid,-0.2772955687528554,False,,cancel_aggressive,0.2555234432220459,1,0,0
18bps,A_current,1777018960.804664,ask,-0.2772955687528554,False,,cancel_aggressive,0.25452446937561035,1,0,0
18bps,B_tfi_0p6,1777018960.804664,ask,-0.2772955687528554,False,,cancel_aggressive,0.25452446937561035,1,0,0
18bps,C_tfi_0p7,1777018960.804664,ask,-0.2772955687528554,False,,cancel_aggressive,0.25452446937561035,1,0,0
18bps,D_tfi_0p8,1777018960.804664,ask,-0.2772955687528554,False,,cancel_aggressive,0.25452446937561035,1,0,0
18bps,A_current,1777018984.1140232,bid,-0.8720363754465739,False,,cancel_aggressive,0.23770856857299805,1,0,0
18bps,B_tfi_0p6,1777018984.1140232,bid,-0.8720363754465739,True,tfi<=-0.6,cancel_aggressive,0.23770856857299805,1,0,0
18bps,C_tfi_0p7,1777018984.1140232,bid,-0.8720363754465739,True,tfi<=-0.7,cancel_aggressive,0.23770856857299805,1,0,0
18bps,D_tfi_0p8,1777018984.1140232,bid,-0.8720363754465739,True,tfi<=-0.8,cancel_aggressive,0.23770856857299805,1,0,0
18bps,A_current,1777018984.1140232,ask,-0.8720363754465739,False,,cancel_aggressive,0.23770856857299805,1,0,0
18bps,B_tfi_0p6,1777018984.1140232,ask,-0.8720363754465739,False,,cancel_aggressive,0.23770856857299805,1,0,0
18bps,C_tfi_0p7,1777018984.1140232,ask,-0.8720363754465739,False,,cancel_aggressive,0.23770856857299805,1,0,0
18bps,D_tfi_0p8,1777018984.1140232,ask,-0.8720363754465739,False,,cancel_aggressive,0.23770856857299805,1,0,0
18bps,A_current,1777019077.8043017,bid,-0.8824328916072034,False,,cancel_aggressive,0.2617943286895752,1,0,0
18bps,B_tfi_0p6,1777019077.8043017,bid,-0.8824328916072034,True,tfi<=-0.6,cancel_aggressive,0.2617943286895752,1,0,0
18bps,C_tfi_0p7,1777019077.8043017,bid,-0.8824328916072034,True,tfi<=-0.7,cancel_aggressive,0.2617943286895752,1,0,0
18bps,D_tfi_0p8,1777019077.8043017,bid,-0.8824328916072034,True,tfi<=-0.8,cancel_aggressive,0.2617943286895752,1,0,0
18bps,A_current,1777019077.8053005,ask,-0.8824328916072034,False,,cancel_aggressive,0.26079559326171875,1,0,0
18bps,B_tfi_0p6,1777019077.8053005,ask,-0.8824328916072034,False,,cancel_aggressive,0.26079559326171875,1,0,0
18bps,C_tfi_0p7,1777019077.8053005,ask,-0.8824328916072034,False,,cancel_aggressive,0.26079559326171875,1,0,0
18bps,D_tfi_0p8,1777019077.8053005,ask,-0.8824328916072034,False,,cancel_aggressive,0.26079559326171875,1,0,0
