expected_edge_bps,expected_spread_bps,funding_bps,cost_bps,adverse_buffer_bps
-13.55,16.0,0.45,28.0,2.0
-13.61,16.0,0.39,28.0,2.0
-13.530000000000001,16.0,0.47,28.0,2.0
-13.530000000000001,16.0,0.47,28.0,2.0
-13.530000000000001,16.0,0.47,28.0,2.0
-13.530000000000001,16.0,0.47,28.0,2.0
-13.530000000000001,16.0,0.47,28.0,2.0
-13.530000000000001,16.0,0.47,28.0,2.0
-13.530000000000001,16.0,0.47,28.0,2.0
-13.530000000000001,16.0,0.47,28.0,2.0
-13.530000000000001,16.0,0.47,28.0,2.0
-13.530000000000001,16.0,0.47,28.0,2.0
-13.530000000000001,16.0,0.47,28.0,2.0
-13.530000000000001,16.0,0.47,28.0,2.0
-13.530000000000001,16.0,0.47,28.0,2.0
-13.530000000000001,16.0,0.47,28.0,2.0
-13.530000000000001,16.0,0.47,28.0,2.0
-13.530000000000001,16.0,0.47,28.0,2.0
-13.530000000000001,16.0,0.47,28.0,2.0
-13.530000000000001,16.0,0.47,28.0,2.0
-13.530000000000001,16.0,0.47,28.0,2.0
-13.530000000000001,16.0,0.47,28.0,2.0
-13.530000000000001,16.0,0.47,28.0,2.0
-13.530000000000001,16.0,0.47,28.0,2.0
-13.530000000000001,16.0,0.47,28.0,2.0
-13.530000000000001,16.0,0.47,28.0,2.0
-13.530000000000001,16.0,0.47,28.0,2.0
-13.530000000000001,16.0,0.47,28.0,2.0
-13.530000000000001,16.0,0.47,28.0,2.0
-13.530000000000001,16.0,0.47,28.0,2.0
-13.530000000000001,16.0,0.47,28.0,2.0
-13.530000000000001,16.0,0.47,28.0,2.0
-13.530000000000001,16.0,0.47,28.0,2.0
-13.530000000000001,16.0,0.47,28.0,2.0
-13.530000000000001,16.0,0.47,28.0,2.0
-13.530000000000001,16.0,0.47,28.0,2.0
-13.45,16.0,0.55,28.0,2.0
-13.45,16.0,0.55,28.0,2.0
-13.45,16.0,0.55,28.0,2.0
-13.45,16.0,0.55,28.0,2.0
-13.45,16.0,0.55,28.0,2.0
-13.45,16.0,0.55,28.0,2.0
-13.45,16.0,0.55,28.0,2.0
-13.45,16.0,0.55,28.0,2.0
-13.45,16.0,0.55,28.0,2.0
-13.45,16.0,0.55,28.0,2.0
-13.45,16.0,0.55,28.0,2.0
-13.45,16.0,0.55,28.0,2.0
-13.45,16.0,0.55,28.0,2.0
-13.45,16.0,0.55,28.0,2.0
-13.45,16.0,0.55,28.0,2.0
-13.45,16.0,0.55,28.0,2.0
-13.45,16.0,0.55,28.0,2.0
-13.45,16.0,0.55,28.0,2.0
-13.45,16.0,0.55,28.0,2.0
-13.45,16.0,0.55,28.0,2.0
-13.45,16.0,0.55,28.0,2.0
-13.45,16.0,0.55,28.0,2.0
-13.45,16.0,0.55,28.0,2.0
-13.45,16.0,0.55,28.0,2.0
-13.45,16.0,0.55,28.0,2.0
-13.45,16.0,0.55,28.0,2.0
-13.45,16.0,0.55,28.0,2.0
-13.45,16.0,0.55,28.0,2.0
-13.45,16.0,0.55,28.0,2.0
-13.440000000000001,16.0,0.5599999999999999,28.0,2.0
-13.440000000000001,16.0,0.5599999999999999,28.0,2.0
-13.440000000000001,16.0,0.5599999999999999,28.0,2.0
-13.440000000000001,16.0,0.5599999999999999,28.0,2.0
-13.440000000000001,16.0,0.5599999999999999,28.0,2.0
-13.440000000000001,16.0,0.5599999999999999,28.0,2.0
-13.440000000000001,16.0,0.5599999999999999,28.0,2.0
-13.440000000000001,16.0,0.5599999999999999,28.0,2.0
-13.440000000000001,16.0,0.5599999999999999,28.0,2.0
-13.440000000000001,16.0,0.5599999999999999,28.0,2.0
-13.440000000000001,16.0,0.5599999999999999,28.0,2.0
-13.440000000000001,16.0,0.5599999999999999,28.0,2.0
-13.440000000000001,16.0,0.5599999999999999,28.0,2.0
-13.440000000000001,16.0,0.5599999999999999,28.0,2.0
-13.440000000000001,16.0,0.5599999999999999,28.0,2.0
-13.440000000000001,16.0,0.5599999999999999,28.0,2.0
-13.440000000000001,16.0,0.5599999999999999,28.0,2.0
-13.440000000000001,16.0,0.5599999999999999,28.0,2.0
-13.440000000000001,16.0,0.5599999999999999,28.0,2.0
-13.440000000000001,16.0,0.5599999999999999,28.0,2.0
-13.440000000000001,16.0,0.5599999999999999,28.0,2.0
-13.440000000000001,16.0,0.5599999999999999,28.0,2.0
-13.440000000000001,16.0,0.5599999999999999,28.0,2.0
-13.440000000000001,16.0,0.5599999999999999,28.0,2.0
-13.440000000000001,16.0,0.5599999999999999,28.0,2.0
-13.440000000000001,16.0,0.5599999999999999,28.0,2.0
-13.440000000000001,16.0,0.5599999999999999,28.0,2.0
-13.440000000000001,16.0,0.5599999999999999,28.0,2.0
-13.440000000000001,16.0,0.5599999999999999,28.0,2.0
-13.440000000000001,16.0,0.5599999999999999,28.0,2.0
-13.440000000000001,16.0,0.5599999999999999,28.0,2.0
-13.440000000000001,16.0,0.5599999999999999,28.0,2.0
-13.440000000000001,16.0,0.5599999999999999,28.0,2.0
-13.440000000000001,16.0,0.5599999999999999,28.0,2.0
-13.440000000000001,16.0,0.5599999999999999,28.0,2.0
-13.440000000000001,16.0,0.5599999999999999,28.0,2.0
-13.440000000000001,16.0,0.5599999999999999,28.0,2.0
-13.440000000000001,16.0,0.5599999999999999,28.0,2.0
-13.440000000000001,16.0,0.5599999999999999,28.0,2.0
-13.440000000000001,16.0,0.5599999999999999,28.0,2.0
-13.440000000000001,16.0,0.5599999999999999,28.0,2.0
-13.440000000000001,16.0,0.5599999999999999,28.0,2.0
-13.440000000000001,16.0,0.5599999999999999,28.0,2.0
-13.440000000000001,16.0,0.5599999999999999,28.0,2.0
-13.440000000000001,16.0,0.5599999999999999,28.0,2.0
-13.440000000000001,16.0,0.5599999999999999,28.0,2.0
-13.440000000000001,16.0,0.5599999999999999,28.0,2.0
-13.440000000000001,16.0,0.5599999999999999,28.0,2.0
-13.440000000000001,16.0,0.5599999999999999,28.0,2.0
-13.440000000000001,16.0,0.5599999999999999,28.0,2.0
-13.440000000000001,16.0,0.5599999999999999,28.0,2.0
-13.440000000000001,16.0,0.5599999999999999,28.0,2.0
-13.440000000000001,16.0,0.5599999999999999,28.0,2.0
-13.440000000000001,16.0,0.5599999999999999,28.0,2.0
-13.440000000000001,16.0,0.5599999999999999,28.0,2.0
-13.440000000000001,16.0,0.5599999999999999,28.0,2.0
-13.440000000000001,16.0,0.5599999999999999,28.0,2.0
-13.440000000000001,16.0,0.5599999999999999,28.0,2.0
-13.440000000000001,16.0,0.5599999999999999,28.0,2.0
-13.440000000000001,16.0,0.5599999999999999,28.0,2.0
-13.440000000000001,16.0,0.5599999999999999,28.0,2.0
-13.440000000000001,16.0,0.5599999999999999,28.0,2.0
-13.440000000000001,16.0,0.5599999999999999,28.0,2.0
-13.440000000000001,16.0,0.5599999999999999,28.0,2.0
-13.440000000000001,16.0,0.5599999999999999,28.0,2.0
-13.440000000000001,16.0,0.5599999999999999,28.0,2.0
-13.440000000000001,16.0,0.5599999999999999,28.0,2.0
-13.440000000000001,16.0,0.5599999999999999,28.0,2.0
-13.440000000000001,16.0,0.5599999999999999,28.0,2.0
-13.440000000000001,16.0,0.5599999999999999,28.0,2.0
-13.440000000000001,16.0,0.5599999999999999,28.0,2.0
-13.440000000000001,16.0,0.5599999999999999,28.0,2.0
-13.440000000000001,16.0,0.5599999999999999,28.0,2.0
-13.440000000000001,16.0,0.5599999999999999,28.0,2.0
-13.440000000000001,16.0,0.5599999999999999,28.0,2.0
-13.440000000000001,16.0,0.5599999999999999,28.0,2.0
-13.440000000000001,16.0,0.5599999999999999,28.0,2.0
-13.440000000000001,16.0,0.5599999999999999,28.0,2.0
-13.440000000000001,16.0,0.5599999999999999,28.0,2.0
-13.440000000000001,16.0,0.5599999999999999,28.0,2.0
-13.440000000000001,16.0,0.5599999999999999,28.0,2.0
-13.440000000000001,16.0,0.5599999999999999,28.0,2.0
-13.440000000000001,16.0,0.5599999999999999,28.0,2.0
-13.440000000000001,16.0,0.5599999999999999,28.0,2.0
-13.440000000000001,16.0,0.5599999999999999,28.0,2.0
-13.440000000000001,16.0,0.5599999999999999,28.0,2.0
-13.440000000000001,16.0,0.5599999999999999,28.0,2.0
-13.440000000000001,16.0,0.5599999999999999,28.0,2.0
-13.440000000000001,16.0,0.5599999999999999,28.0,2.0
-13.440000000000001,16.0,0.5599999999999999,28.0,2.0
-13.440000000000001,16.0,0.5599999999999999,28.0,2.0
-13.440000000000001,16.0,0.5599999999999999,28.0,2.0
-13.440000000000001,16.0,0.5599999999999999,28.0,2.0
-13.440000000000001,16.0,0.5599999999999999,28.0,2.0
-13.440000000000001,16.0,0.5599999999999999,28.0,2.0
-13.440000000000001,16.0,0.5599999999999999,28.0,2.0
-13.440000000000001,16.0,0.5599999999999999,28.0,2.0
-13.440000000000001,16.0,0.5599999999999999,28.0,2.0
-13.440000000000001,16.0,0.5599999999999999,28.0,2.0
-13.440000000000001,16.0,0.5599999999999999,28.0,2.0
-13.440000000000001,16.0,0.5599999999999999,28.0,2.0
-13.440000000000001,16.0,0.5599999999999999,28.0,2.0
-13.440000000000001,16.0,0.5599999999999999,28.0,2.0
-13.440000000000001,16.0,0.5599999999999999,28.0,2.0
-13.440000000000001,16.0,0.5599999999999999,28.0,2.0
-13.440000000000001,16.0,0.5599999999999999,28.0,2.0
-13.440000000000001,16.0,0.5599999999999999,28.0,2.0
-13.440000000000001,16.0,0.5599999999999999,28.0,2.0
-13.440000000000001,16.0,0.5599999999999999,28.0,2.0
-13.440000000000001,16.0,0.5599999999999999,28.0,2.0
-13.440000000000001,16.0,0.5599999999999999,28.0,2.0
-13.440000000000001,16.0,0.5599999999999999,28.0,2.0
-13.440000000000001,16.0,0.5599999999999999,28.0,2.0
-13.440000000000001,16.0,0.5599999999999999,28.0,2.0
-13.440000000000001,16.0,0.5599999999999999,28.0,2.0
-13.440000000000001,16.0,0.5599999999999999,28.0,2.0
-13.440000000000001,16.0,0.5599999999999999,28.0,2.0
-13.440000000000001,16.0,0.5599999999999999,28.0,2.0
-13.440000000000001,16.0,0.5599999999999999,28.0,2.0
-13.440000000000001,16.0,0.5599999999999999,28.0,2.0
-13.440000000000001,16.0,0.5599999999999999,28.0,2.0
-13.440000000000001,16.0,0.5599999999999999,28.0,2.0
-13.440000000000001,16.0,0.5599999999999999,28.0,2.0
-13.440000000000001,16.0,0.5599999999999999,28.0,2.0
-13.440000000000001,16.0,0.5599999999999999,28.0,2.0
-13.440000000000001,16.0,0.5599999999999999,28.0,2.0
-13.440000000000001,16.0,0.5599999999999999,28.0,2.0
-13.440000000000001,16.0,0.5599999999999999,28.0,2.0
-13.440000000000001,16.0,0.5599999999999999,28.0,2.0
-13.440000000000001,16.0,0.5599999999999999,28.0,2.0
-13.440000000000001,16.0,0.5599999999999999,28.0,2.0
-13.440000000000001,16.0,0.5599999999999999,28.0,2.0
-13.440000000000001,16.0,0.5599999999999999,28.0,2.0
-13.440000000000001,16.0,0.5599999999999999,28.0,2.0
-13.440000000000001,16.0,0.5599999999999999,28.0,2.0
-13.440000000000001,16.0,0.5599999999999999,28.0,2.0
-13.440000000000001,16.0,0.5599999999999999,28.0,2.0
-13.440000000000001,16.0,0.5599999999999999,28.0,2.0
-13.440000000000001,16.0,0.5599999999999999,28.0,2.0
-13.440000000000001,16.0,0.5599999999999999,28.0,2.0
-13.440000000000001,16.0,0.5599999999999999,28.0,2.0
-13.440000000000001,16.0,0.5599999999999999,28.0,2.0
-13.440000000000001,16.0,0.5599999999999999,28.0,2.0
-13.440000000000001,16.0,0.5599999999999999,28.0,2.0
-13.440000000000001,16.0,0.5599999999999999,28.0,2.0
-13.440000000000001,16.0,0.5599999999999999,28.0,2.0
-13.440000000000001,16.0,0.5599999999999999,28.0,2.0
-13.440000000000001,16.0,0.5599999999999999,28.0,2.0
-13.440000000000001,16.0,0.5599999999999999,28.0,2.0
-13.440000000000001,16.0,0.5599999999999999,28.0,2.0
-13.440000000000001,16.0,0.5599999999999999,28.0,2.0
-13.440000000000001,16.0,0.5599999999999999,28.0,2.0
-13.440000000000001,16.0,0.5599999999999999,28.0,2.0
-13.440000000000001,16.0,0.5599999999999999,28.0,2.0
-13.45,16.0,0.55,28.0,2.0
-13.45,16.0,0.55,28.0,2.0
-13.45,16.0,0.55,28.0,2.0
-13.45,16.0,0.55,28.0,2.0
-13.45,16.0,0.55,28.0,2.0
-13.45,16.0,0.55,28.0,2.0
-13.45,16.0,0.55,28.0,2.0
-13.45,16.0,0.55,28.0,2.0
-13.45,16.0,0.55,28.0,2.0
-13.440000000000001,16.0,0.5599999999999999,28.0,2.0
-13.440000000000001,16.0,0.5599999999999999,28.0,2.0
-13.440000000000001,16.0,0.5599999999999999,28.0,2.0
-13.440000000000001,16.0,0.5599999999999999,28.0,2.0
-13.440000000000001,16.0,0.5599999999999999,28.0,2.0
-13.440000000000001,16.0,0.5599999999999999,28.0,2.0
-13.440000000000001,16.0,0.5599999999999999,28.0,2.0
-13.440000000000001,16.0,0.5599999999999999,28.0,2.0
-13.440000000000001,16.0,0.5599999999999999,28.0,2.0
-13.440000000000001,16.0,0.5599999999999999,28.0,2.0
-13.440000000000001,16.0,0.5599999999999999,28.0,2.0
-13.440000000000001,16.0,0.5599999999999999,28.0,2.0
-13.440000000000001,16.0,0.5599999999999999,28.0,2.0
-13.440000000000001,16.0,0.5599999999999999,28.0,2.0
-13.440000000000001,16.0,0.5599999999999999,28.0,2.0
-13.440000000000001,16.0,0.5599999999999999,28.0,2.0
-13.440000000000001,16.0,0.5599999999999999,28.0,2.0
-13.440000000000001,16.0,0.5599999999999999,28.0,2.0
-13.440000000000001,16.0,0.5599999999999999,28.0,2.0
-13.440000000000001,16.0,0.5599999999999999,28.0,2.0
-13.440000000000001,16.0,0.5599999999999999,28.0,2.0
-13.440000000000001,16.0,0.5599999999999999,28.0,2.0
-13.440000000000001,16.0,0.5599999999999999,28.0,2.0
-13.440000000000001,16.0,0.5599999999999999,28.0,2.0
-13.440000000000001,16.0,0.5599999999999999,28.0,2.0
-13.440000000000001,16.0,0.5599999999999999,28.0,2.0
-13.440000000000001,16.0,0.5599999999999999,28.0,2.0
-13.440000000000001,16.0,0.5599999999999999,28.0,2.0
-13.440000000000001,16.0,0.5599999999999999,28.0,2.0
-13.440000000000001,16.0,0.5599999999999999,28.0,2.0
-13.440000000000001,16.0,0.5599999999999999,28.0,2.0
-13.440000000000001,16.0,0.5599999999999999,28.0,2.0
-13.440000000000001,16.0,0.5599999999999999,28.0,2.0
-13.440000000000001,16.0,0.5599999999999999,28.0,2.0
-13.440000000000001,16.0,0.5599999999999999,28.0,2.0
-13.440000000000001,16.0,0.5599999999999999,28.0,2.0
-13.440000000000001,16.0,0.5599999999999999,28.0,2.0
-13.440000000000001,16.0,0.5599999999999999,28.0,2.0
-13.440000000000001,16.0,0.5599999999999999,28.0,2.0
-13.440000000000001,16.0,0.5599999999999999,28.0,2.0
-13.440000000000001,16.0,0.5599999999999999,28.0,2.0
-13.440000000000001,16.0,0.5599999999999999,28.0,2.0
-13.440000000000001,16.0,0.5599999999999999,28.0,2.0
-13.440000000000001,16.0,0.5599999999999999,28.0,2.0
-13.440000000000001,16.0,0.5599999999999999,28.0,2.0
-13.440000000000001,16.0,0.5599999999999999,28.0,2.0
-13.440000000000001,16.0,0.5599999999999999,28.0,2.0
-13.440000000000001,16.0,0.5599999999999999,28.0,2.0
-13.440000000000001,16.0,0.5599999999999999,28.0,2.0
-13.440000000000001,16.0,0.5599999999999999,28.0,2.0
-13.440000000000001,16.0,0.5599999999999999,28.0,2.0
-13.440000000000001,16.0,0.5599999999999999,28.0,2.0
-13.43,16.0,0.5700000000000001,28.0,2.0
-13.43,16.0,0.5700000000000001,28.0,2.0
-13.43,16.0,0.5700000000000001,28.0,2.0
-13.43,16.0,0.5700000000000001,28.0,2.0
-13.43,16.0,0.5700000000000001,28.0,2.0
-13.43,16.0,0.5700000000000001,28.0,2.0
-13.43,16.0,0.5700000000000001,28.0,2.0
-13.43,16.0,0.5700000000000001,28.0,2.0
-13.43,16.0,0.5700000000000001,28.0,2.0
-13.43,16.0,0.5700000000000001,28.0,2.0
-13.43,16.0,0.5700000000000001,28.0,2.0
-13.43,16.0,0.5700000000000001,28.0,2.0
-13.43,16.0,0.5700000000000001,28.0,2.0
-13.43,16.0,0.5700000000000001,28.0,2.0
-13.43,16.0,0.5700000000000001,28.0,2.0
-13.43,16.0,0.5700000000000001,28.0,2.0
-13.43,16.0,0.5700000000000001,28.0,2.0
-13.43,16.0,0.5700000000000001,28.0,2.0
-13.43,16.0,0.5700000000000001,28.0,2.0
-13.43,16.0,0.5700000000000001,28.0,2.0
-13.43,16.0,0.5700000000000001,28.0,2.0
-13.43,16.0,0.5700000000000001,28.0,2.0
-13.43,16.0,0.5700000000000001,28.0,2.0
-13.43,16.0,0.5700000000000001,28.0,2.0
-13.43,16.0,0.5700000000000001,28.0,2.0
-13.43,16.0,0.5700000000000001,28.0,2.0
-13.43,16.0,0.5700000000000001,28.0,2.0
-13.43,16.0,0.5700000000000001,28.0,2.0
-13.43,16.0,0.5700000000000001,28.0,2.0
-13.43,16.0,0.5700000000000001,28.0,2.0
-13.43,16.0,0.5700000000000001,28.0,2.0
-13.43,16.0,0.5700000000000001,28.0,2.0
-13.43,16.0,0.5700000000000001,28.0,2.0
-13.43,16.0,0.5700000000000001,28.0,2.0
-13.43,16.0,0.5700000000000001,28.0,2.0
-13.43,16.0,0.5700000000000001,28.0,2.0
-13.43,16.0,0.5700000000000001,28.0,2.0
-13.43,16.0,0.5700000000000001,28.0,2.0
-13.43,16.0,0.5700000000000001,28.0,2.0
-13.43,16.0,0.5700000000000001,28.0,2.0
-13.43,16.0,0.5700000000000001,28.0,2.0
-13.43,16.0,0.5700000000000001,28.0,2.0
-13.43,16.0,0.5700000000000001,28.0,2.0
-13.43,16.0,0.5700000000000001,28.0,2.0
-13.43,16.0,0.5700000000000001,28.0,2.0
-13.43,16.0,0.5700000000000001,28.0,2.0
-13.43,16.0,0.5700000000000001,28.0,2.0
-13.43,16.0,0.5700000000000001,28.0,2.0
-13.43,16.0,0.5700000000000001,28.0,2.0
-13.43,16.0,0.5700000000000001,28.0,2.0
-13.43,16.0,0.5700000000000001,28.0,2.0
-13.43,16.0,0.5700000000000001,28.0,2.0
-13.43,16.0,0.5700000000000001,28.0,2.0
-13.43,16.0,0.5700000000000001,28.0,2.0
-13.43,16.0,0.5700000000000001,28.0,2.0
-13.43,16.0,0.5700000000000001,28.0,2.0
-13.43,16.0,0.5700000000000001,28.0,2.0
-13.43,16.0,0.5700000000000001,28.0,2.0
-13.43,16.0,0.5700000000000001,28.0,2.0
-13.43,16.0,0.5700000000000001,28.0,2.0
-13.43,16.0,0.5700000000000001,28.0,2.0
-13.43,16.0,0.5700000000000001,28.0,2.0
-13.43,16.0,0.5700000000000001,28.0,2.0
-13.43,16.0,0.5700000000000001,28.0,2.0
-13.43,16.0,0.5700000000000001,28.0,2.0
-13.43,16.0,0.5700000000000001,28.0,2.0
-13.43,16.0,0.5700000000000001,28.0,2.0
-13.43,16.0,0.5700000000000001,28.0,2.0
-13.43,16.0,0.5700000000000001,28.0,2.0
-13.43,16.0,0.5700000000000001,28.0,2.0
-13.43,16.0,0.5700000000000001,28.0,2.0
-13.43,16.0,0.5700000000000001,28.0,2.0
-13.43,16.0,0.5700000000000001,28.0,2.0
-13.43,16.0,0.5700000000000001,28.0,2.0
-13.43,16.0,0.5700000000000001,28.0,2.0
-13.43,16.0,0.5700000000000001,28.0,2.0
-13.43,16.0,0.5700000000000001,28.0,2.0
-13.43,16.0,0.5700000000000001,28.0,2.0
-13.43,16.0,0.5700000000000001,28.0,2.0
-13.43,16.0,0.5700000000000001,28.0,2.0
-13.43,16.0,0.5700000000000001,28.0,2.0
-13.43,16.0,0.5700000000000001,28.0,2.0
-13.43,16.0,0.5700000000000001,28.0,2.0
-13.43,16.0,0.5700000000000001,28.0,2.0
-13.43,16.0,0.5700000000000001,28.0,2.0
-13.43,16.0,0.5700000000000001,28.0,2.0
-13.43,16.0,0.5700000000000001,28.0,2.0
-13.43,16.0,0.5700000000000001,28.0,2.0
-13.43,16.0,0.5700000000000001,28.0,2.0
-13.43,16.0,0.5700000000000001,28.0,2.0
-13.43,16.0,0.5700000000000001,28.0,2.0
-13.43,16.0,0.5700000000000001,28.0,2.0
-13.43,16.0,0.5700000000000001,28.0,2.0
-13.43,16.0,0.5700000000000001,28.0,2.0
-13.420000000000002,16.0,0.58,28.0,2.0
-13.420000000000002,16.0,0.58,28.0,2.0
-13.420000000000002,16.0,0.58,28.0,2.0
-13.420000000000002,16.0,0.58,28.0,2.0
-13.420000000000002,16.0,0.58,28.0,2.0
-13.420000000000002,16.0,0.58,28.0,2.0
-13.420000000000002,16.0,0.58,28.0,2.0
-13.420000000000002,16.0,0.58,28.0,2.0
-13.420000000000002,16.0,0.58,28.0,2.0
-13.420000000000002,16.0,0.58,28.0,2.0
-13.420000000000002,16.0,0.58,28.0,2.0
-13.420000000000002,16.0,0.58,28.0,2.0
-13.420000000000002,16.0,0.58,28.0,2.0
-13.420000000000002,16.0,0.58,28.0,2.0
-13.420000000000002,16.0,0.58,28.0,2.0
-13.420000000000002,16.0,0.58,28.0,2.0
-13.420000000000002,16.0,0.58,28.0,2.0
-13.420000000000002,16.0,0.58,28.0,2.0
-13.420000000000002,16.0,0.58,28.0,2.0
-13.420000000000002,16.0,0.58,28.0,2.0
-13.420000000000002,16.0,0.58,28.0,2.0
-13.420000000000002,16.0,0.58,28.0,2.0
-13.420000000000002,16.0,0.58,28.0,2.0
-13.420000000000002,16.0,0.58,28.0,2.0
-13.420000000000002,16.0,0.58,28.0,2.0
-13.420000000000002,16.0,0.58,28.0,2.0
-13.420000000000002,16.0,0.58,28.0,2.0
-13.420000000000002,16.0,0.58,28.0,2.0
-13.420000000000002,16.0,0.58,28.0,2.0
-13.420000000000002,16.0,0.58,28.0,2.0
-13.420000000000002,16.0,0.58,28.0,2.0
-13.420000000000002,16.0,0.58,28.0,2.0
-13.420000000000002,16.0,0.58,28.0,2.0
-13.420000000000002,16.0,0.58,28.0,2.0
-13.420000000000002,16.0,0.58,28.0,2.0
-13.420000000000002,16.0,0.58,28.0,2.0
-13.420000000000002,16.0,0.58,28.0,2.0
-13.420000000000002,16.0,0.58,28.0,2.0
-13.420000000000002,16.0,0.58,28.0,2.0
-13.420000000000002,16.0,0.58,28.0,2.0
-13.420000000000002,16.0,0.58,28.0,2.0
-13.420000000000002,16.0,0.58,28.0,2.0
-13.420000000000002,16.0,0.58,28.0,2.0
-13.420000000000002,16.0,0.58,28.0,2.0
-13.420000000000002,16.0,0.58,28.0,2.0
-13.420000000000002,16.0,0.58,28.0,2.0
-13.420000000000002,16.0,0.58,28.0,2.0
-13.420000000000002,16.0,0.58,28.0,2.0
-13.420000000000002,16.0,0.58,28.0,2.0
-13.420000000000002,16.0,0.58,28.0,2.0
-13.420000000000002,16.0,0.58,28.0,2.0
-13.420000000000002,16.0,0.58,28.0,2.0
-13.420000000000002,16.0,0.58,28.0,2.0
-13.420000000000002,16.0,0.58,28.0,2.0
-13.420000000000002,16.0,0.58,28.0,2.0
-13.420000000000002,16.0,0.58,28.0,2.0
-13.420000000000002,16.0,0.58,28.0,2.0
-13.420000000000002,16.0,0.58,28.0,2.0
-13.420000000000002,16.0,0.58,28.0,2.0
-13.420000000000002,16.0,0.58,28.0,2.0
-13.420000000000002,16.0,0.58,28.0,2.0
-13.420000000000002,16.0,0.58,28.0,2.0
-13.420000000000002,16.0,0.58,28.0,2.0
-13.420000000000002,16.0,0.58,28.0,2.0
-13.420000000000002,16.0,0.58,28.0,2.0
-13.420000000000002,16.0,0.58,28.0,2.0
-13.420000000000002,16.0,0.58,28.0,2.0
-13.420000000000002,16.0,0.58,28.0,2.0
-13.420000000000002,16.0,0.58,28.0,2.0
-13.420000000000002,16.0,0.58,28.0,2.0
-13.420000000000002,16.0,0.58,28.0,2.0
-13.420000000000002,16.0,0.58,28.0,2.0
-13.420000000000002,16.0,0.58,28.0,2.0
-13.420000000000002,16.0,0.58,28.0,2.0
-13.420000000000002,16.0,0.58,28.0,2.0
-13.420000000000002,16.0,0.58,28.0,2.0
-13.420000000000002,16.0,0.58,28.0,2.0
-13.420000000000002,16.0,0.58,28.0,2.0
-13.420000000000002,16.0,0.58,28.0,2.0
-13.420000000000002,16.0,0.58,28.0,2.0
-13.420000000000002,16.0,0.58,28.0,2.0
-13.420000000000002,16.0,0.58,28.0,2.0
-13.420000000000002,16.0,0.58,28.0,2.0
-13.420000000000002,16.0,0.58,28.0,2.0
-13.420000000000002,16.0,0.58,28.0,2.0
-13.420000000000002,16.0,0.58,28.0,2.0
-13.420000000000002,16.0,0.58,28.0,2.0
-13.420000000000002,16.0,0.58,28.0,2.0
-13.420000000000002,16.0,0.58,28.0,2.0
-13.420000000000002,16.0,0.58,28.0,2.0
-13.420000000000002,16.0,0.58,28.0,2.0
-13.420000000000002,16.0,0.58,28.0,2.0
-13.420000000000002,16.0,0.58,28.0,2.0
-13.420000000000002,16.0,0.58,28.0,2.0
-13.420000000000002,16.0,0.58,28.0,2.0
-13.420000000000002,16.0,0.58,28.0,2.0
-13.420000000000002,16.0,0.58,28.0,2.0
-13.420000000000002,16.0,0.58,28.0,2.0
-13.420000000000002,16.0,0.58,28.0,2.0
-13.420000000000002,16.0,0.58,28.0,2.0
-13.420000000000002,16.0,0.58,28.0,2.0
-13.420000000000002,16.0,0.58,28.0,2.0
-13.420000000000002,16.0,0.58,28.0,2.0
-13.420000000000002,16.0,0.58,28.0,2.0
-13.420000000000002,16.0,0.58,28.0,2.0
-13.420000000000002,16.0,0.58,28.0,2.0
-13.420000000000002,16.0,0.58,28.0,2.0
-13.420000000000002,16.0,0.58,28.0,2.0
-13.420000000000002,16.0,0.58,28.0,2.0
-13.420000000000002,16.0,0.58,28.0,2.0
-13.420000000000002,16.0,0.58,28.0,2.0
-13.420000000000002,16.0,0.58,28.0,2.0
-13.420000000000002,16.0,0.58,28.0,2.0
-13.420000000000002,16.0,0.58,28.0,2.0
-13.420000000000002,16.0,0.58,28.0,2.0
-13.420000000000002,16.0,0.58,28.0,2.0
-13.420000000000002,16.0,0.58,28.0,2.0
-13.420000000000002,16.0,0.58,28.0,2.0
-13.420000000000002,16.0,0.58,28.0,2.0
-13.420000000000002,16.0,0.58,28.0,2.0
-13.420000000000002,16.0,0.58,28.0,2.0
-13.420000000000002,16.0,0.58,28.0,2.0
-13.420000000000002,16.0,0.58,28.0,2.0
-13.420000000000002,16.0,0.58,28.0,2.0
-13.420000000000002,16.0,0.58,28.0,2.0
-13.420000000000002,16.0,0.58,28.0,2.0
-13.420000000000002,16.0,0.58,28.0,2.0
-13.420000000000002,16.0,0.58,28.0,2.0
-13.420000000000002,16.0,0.58,28.0,2.0
-13.420000000000002,16.0,0.58,28.0,2.0
-13.420000000000002,16.0,0.58,28.0,2.0
-13.420000000000002,16.0,0.58,28.0,2.0
-13.420000000000002,16.0,0.58,28.0,2.0
-13.420000000000002,16.0,0.58,28.0,2.0
-13.420000000000002,16.0,0.58,28.0,2.0
-13.420000000000002,16.0,0.58,28.0,2.0
-13.420000000000002,16.0,0.58,28.0,2.0
-13.420000000000002,16.0,0.58,28.0,2.0
-13.420000000000002,16.0,0.58,28.0,2.0
-13.420000000000002,16.0,0.58,28.0,2.0
-13.420000000000002,16.0,0.58,28.0,2.0
-13.420000000000002,16.0,0.58,28.0,2.0
-13.420000000000002,16.0,0.58,28.0,2.0
-13.420000000000002,16.0,0.58,28.0,2.0
-13.420000000000002,16.0,0.58,28.0,2.0
-13.420000000000002,16.0,0.58,28.0,2.0
-13.420000000000002,16.0,0.58,28.0,2.0
-13.420000000000002,16.0,0.58,28.0,2.0
-13.420000000000002,16.0,0.58,28.0,2.0
-13.420000000000002,16.0,0.58,28.0,2.0
-13.420000000000002,16.0,0.58,28.0,2.0
-13.420000000000002,16.0,0.58,28.0,2.0
-13.420000000000002,16.0,0.58,28.0,2.0
-13.420000000000002,16.0,0.58,28.0,2.0
-13.420000000000002,16.0,0.58,28.0,2.0
-13.420000000000002,16.0,0.58,28.0,2.0
-13.420000000000002,16.0,0.58,28.0,2.0
-13.420000000000002,16.0,0.58,28.0,2.0
-13.420000000000002,16.0,0.58,28.0,2.0
-13.420000000000002,16.0,0.58,28.0,2.0
-13.420000000000002,16.0,0.58,28.0,2.0
-13.420000000000002,16.0,0.58,28.0,2.0
-13.420000000000002,16.0,0.58,28.0,2.0
-13.420000000000002,16.0,0.58,28.0,2.0
-13.420000000000002,16.0,0.58,28.0,2.0
-13.420000000000002,16.0,0.58,28.0,2.0
-13.420000000000002,16.0,0.58,28.0,2.0
-13.420000000000002,16.0,0.58,28.0,2.0
-13.420000000000002,16.0,0.58,28.0,2.0
-13.420000000000002,16.0,0.58,28.0,2.0
-13.420000000000002,16.0,0.58,28.0,2.0
-13.420000000000002,16.0,0.58,28.0,2.0
-13.420000000000002,16.0,0.58,28.0,2.0
-13.420000000000002,16.0,0.58,28.0,2.0
-13.420000000000002,16.0,0.58,28.0,2.0
-13.420000000000002,16.0,0.58,28.0,2.0
-13.420000000000002,16.0,0.58,28.0,2.0
-13.420000000000002,16.0,0.58,28.0,2.0
-13.420000000000002,16.0,0.58,28.0,2.0
-13.420000000000002,16.0,0.58,28.0,2.0
-13.420000000000002,16.0,0.58,28.0,2.0
-13.420000000000002,16.0,0.58,28.0,2.0
-13.420000000000002,16.0,0.58,28.0,2.0
-13.420000000000002,16.0,0.58,28.0,2.0
-13.420000000000002,16.0,0.58,28.0,2.0
-13.420000000000002,16.0,0.58,28.0,2.0
-13.420000000000002,16.0,0.58,28.0,2.0
-13.420000000000002,16.0,0.58,28.0,2.0
-13.420000000000002,16.0,0.58,28.0,2.0
-13.420000000000002,16.0,0.58,28.0,2.0
-13.420000000000002,16.0,0.58,28.0,2.0
-13.420000000000002,16.0,0.58,28.0,2.0
-13.420000000000002,16.0,0.58,28.0,2.0
-13.420000000000002,16.0,0.58,28.0,2.0
-13.420000000000002,16.0,0.58,28.0,2.0
-13.420000000000002,16.0,0.58,28.0,2.0
-13.420000000000002,16.0,0.58,28.0,2.0
-13.420000000000002,16.0,0.58,28.0,2.0
-13.420000000000002,16.0,0.58,28.0,2.0
-13.420000000000002,16.0,0.58,28.0,2.0
-13.420000000000002,16.0,0.58,28.0,2.0
-13.420000000000002,16.0,0.58,28.0,2.0
-13.420000000000002,16.0,0.58,28.0,2.0
-13.420000000000002,16.0,0.58,28.0,2.0
-13.420000000000002,16.0,0.58,28.0,2.0
-13.420000000000002,16.0,0.58,28.0,2.0
-13.420000000000002,16.0,0.58,28.0,2.0
-13.420000000000002,16.0,0.58,28.0,2.0
-13.420000000000002,16.0,0.58,28.0,2.0
-13.420000000000002,16.0,0.58,28.0,2.0
-13.420000000000002,16.0,0.58,28.0,2.0
-13.420000000000002,16.0,0.58,28.0,2.0
-13.420000000000002,16.0,0.58,28.0,2.0
-13.420000000000002,16.0,0.58,28.0,2.0
-13.420000000000002,16.0,0.58,28.0,2.0
-13.420000000000002,16.0,0.58,28.0,2.0
-13.420000000000002,16.0,0.58,28.0,2.0
-13.420000000000002,16.0,0.58,28.0,2.0
-13.420000000000002,16.0,0.58,28.0,2.0
-13.420000000000002,16.0,0.58,28.0,2.0
-13.420000000000002,16.0,0.58,28.0,2.0
-13.420000000000002,16.0,0.58,28.0,2.0
-13.420000000000002,16.0,0.58,28.0,2.0
-13.420000000000002,16.0,0.58,28.0,2.0
-13.420000000000002,16.0,0.58,28.0,2.0
-13.420000000000002,16.0,0.58,28.0,2.0
-13.420000000000002,16.0,0.58,28.0,2.0
-13.420000000000002,16.0,0.58,28.0,2.0
-13.420000000000002,16.0,0.58,28.0,2.0
-13.420000000000002,16.0,0.58,28.0,2.0
-13.420000000000002,16.0,0.58,28.0,2.0
-13.420000000000002,16.0,0.58,28.0,2.0
-13.420000000000002,16.0,0.58,28.0,2.0
-13.420000000000002,16.0,0.58,28.0,2.0
-13.420000000000002,16.0,0.58,28.0,2.0
-13.420000000000002,16.0,0.58,28.0,2.0
-13.420000000000002,16.0,0.58,28.0,2.0
-13.420000000000002,16.0,0.58,28.0,2.0
-13.420000000000002,16.0,0.58,28.0,2.0
-13.420000000000002,16.0,0.58,28.0,2.0
-13.420000000000002,16.0,0.58,28.0,2.0
-13.420000000000002,16.0,0.58,28.0,2.0
-13.420000000000002,16.0,0.58,28.0,2.0
-13.420000000000002,16.0,0.58,28.0,2.0
-13.420000000000002,16.0,0.58,28.0,2.0
-13.420000000000002,16.0,0.58,28.0,2.0
-13.420000000000002,16.0,0.58,28.0,2.0
-13.420000000000002,16.0,0.58,28.0,2.0
-13.420000000000002,16.0,0.58,28.0,2.0
-13.420000000000002,16.0,0.58,28.0,2.0
-13.420000000000002,16.0,0.58,28.0,2.0
-13.420000000000002,16.0,0.58,28.0,2.0
-13.420000000000002,16.0,0.58,28.0,2.0
-13.420000000000002,16.0,0.58,28.0,2.0
-13.420000000000002,16.0,0.58,28.0,2.0
-13.420000000000002,16.0,0.58,28.0,2.0
-13.420000000000002,16.0,0.58,28.0,2.0
-13.420000000000002,16.0,0.58,28.0,2.0
-13.420000000000002,16.0,0.58,28.0,2.0
-13.420000000000002,16.0,0.58,28.0,2.0
-13.420000000000002,16.0,0.58,28.0,2.0
-13.420000000000002,16.0,0.58,28.0,2.0
-13.420000000000002,16.0,0.58,28.0,2.0
-13.420000000000002,16.0,0.58,28.0,2.0
-13.420000000000002,16.0,0.58,28.0,2.0
-13.420000000000002,16.0,0.58,28.0,2.0
-13.420000000000002,16.0,0.58,28.0,2.0
-13.420000000000002,16.0,0.58,28.0,2.0
-13.420000000000002,16.0,0.58,28.0,2.0
-13.420000000000002,16.0,0.58,28.0,2.0
-13.420000000000002,16.0,0.58,28.0,2.0
-13.420000000000002,16.0,0.58,28.0,2.0
-13.420000000000002,16.0,0.58,28.0,2.0
-13.420000000000002,16.0,0.58,28.0,2.0
-13.420000000000002,16.0,0.58,28.0,2.0
-13.420000000000002,16.0,0.58,28.0,2.0
-13.420000000000002,16.0,0.58,28.0,2.0
-13.420000000000002,16.0,0.58,28.0,2.0
-13.420000000000002,16.0,0.58,28.0,2.0
-13.420000000000002,16.0,0.58,28.0,2.0
-13.420000000000002,16.0,0.58,28.0,2.0
-13.420000000000002,16.0,0.58,28.0,2.0
-13.420000000000002,16.0,0.58,28.0,2.0
-13.420000000000002,16.0,0.58,28.0,2.0
-13.420000000000002,16.0,0.58,28.0,2.0
-13.420000000000002,16.0,0.58,28.0,2.0
-13.420000000000002,16.0,0.58,28.0,2.0
-13.420000000000002,16.0,0.58,28.0,2.0
-13.420000000000002,16.0,0.58,28.0,2.0
-13.420000000000002,16.0,0.58,28.0,2.0
-13.420000000000002,16.0,0.58,28.0,2.0
-13.420000000000002,16.0,0.58,28.0,2.0
-13.420000000000002,16.0,0.58,28.0,2.0
-13.420000000000002,16.0,0.58,28.0,2.0
-13.420000000000002,16.0,0.58,28.0,2.0
-13.420000000000002,16.0,0.58,28.0,2.0
-13.420000000000002,16.0,0.58,28.0,2.0
-13.420000000000002,16.0,0.58,28.0,2.0
-13.420000000000002,16.0,0.58,28.0,2.0
-13.420000000000002,16.0,0.58,28.0,2.0
-13.420000000000002,16.0,0.58,28.0,2.0
-13.420000000000002,16.0,0.58,28.0,2.0
-13.420000000000002,16.0,0.58,28.0,2.0
-13.420000000000002,16.0,0.58,28.0,2.0
-13.420000000000002,16.0,0.58,28.0,2.0
-13.420000000000002,16.0,0.58,28.0,2.0
-13.420000000000002,16.0,0.58,28.0,2.0
-13.420000000000002,16.0,0.58,28.0,2.0
-13.420000000000002,16.0,0.58,28.0,2.0
-13.420000000000002,16.0,0.58,28.0,2.0
-13.420000000000002,16.0,0.58,28.0,2.0
-13.420000000000002,16.0,0.58,28.0,2.0
-13.420000000000002,16.0,0.58,28.0,2.0
-13.420000000000002,16.0,0.58,28.0,2.0
-13.420000000000002,16.0,0.58,28.0,2.0
-13.420000000000002,16.0,0.58,28.0,2.0
-13.420000000000002,16.0,0.58,28.0,2.0
-13.420000000000002,16.0,0.58,28.0,2.0
-13.420000000000002,16.0,0.58,28.0,2.0
-13.420000000000002,16.0,0.58,28.0,2.0
-13.420000000000002,16.0,0.58,28.0,2.0
-13.420000000000002,16.0,0.58,28.0,2.0
-13.420000000000002,16.0,0.58,28.0,2.0
-13.420000000000002,16.0,0.58,28.0,2.0
-13.420000000000002,16.0,0.58,28.0,2.0
-13.420000000000002,16.0,0.58,28.0,2.0
-13.420000000000002,16.0,0.58,28.0,2.0
-13.420000000000002,16.0,0.58,28.0,2.0
-13.420000000000002,16.0,0.58,28.0,2.0
-13.420000000000002,16.0,0.58,28.0,2.0
-13.420000000000002,16.0,0.58,28.0,2.0
-13.420000000000002,16.0,0.58,28.0,2.0
-13.420000000000002,16.0,0.58,28.0,2.0
-13.420000000000002,16.0,0.58,28.0,2.0
-13.420000000000002,16.0,0.58,28.0,2.0
-13.420000000000002,16.0,0.58,28.0,2.0
-13.420000000000002,16.0,0.58,28.0,2.0
-13.420000000000002,16.0,0.58,28.0,2.0
-13.420000000000002,16.0,0.58,28.0,2.0
-13.420000000000002,16.0,0.58,28.0,2.0
-13.420000000000002,16.0,0.58,28.0,2.0
-13.420000000000002,16.0,0.58,28.0,2.0
-13.420000000000002,16.0,0.58,28.0,2.0
-13.420000000000002,16.0,0.58,28.0,2.0
-13.420000000000002,16.0,0.58,28.0,2.0
-13.420000000000002,16.0,0.58,28.0,2.0
-13.420000000000002,16.0,0.58,28.0,2.0
-13.420000000000002,16.0,0.58,28.0,2.0
-13.420000000000002,16.0,0.58,28.0,2.0
-13.41,16.0,0.59,28.0,2.0
-13.41,16.0,0.59,28.0,2.0
-13.41,16.0,0.59,28.0,2.0
-13.41,16.0,0.59,28.0,2.0
-13.41,16.0,0.59,28.0,2.0
-13.41,16.0,0.59,28.0,2.0
-13.41,16.0,0.59,28.0,2.0
-13.41,16.0,0.59,28.0,2.0
-13.41,16.0,0.59,28.0,2.0
-13.41,16.0,0.59,28.0,2.0
-13.41,16.0,0.59,28.0,2.0
-13.41,16.0,0.59,28.0,2.0
-13.41,16.0,0.59,28.0,2.0
-13.41,16.0,0.59,28.0,2.0
-13.41,16.0,0.59,28.0,2.0
-13.41,16.0,0.59,28.0,2.0
-13.41,16.0,0.59,28.0,2.0
-13.41,16.0,0.59,28.0,2.0
-13.41,16.0,0.59,28.0,2.0
-13.41,16.0,0.59,28.0,2.0
-13.41,16.0,0.59,28.0,2.0
-13.41,16.0,0.59,28.0,2.0
-13.41,16.0,0.59,28.0,2.0
-13.41,16.0,0.59,28.0,2.0
-13.41,16.0,0.59,28.0,2.0
-13.41,16.0,0.59,28.0,2.0
-13.41,16.0,0.59,28.0,2.0
-13.41,16.0,0.59,28.0,2.0
-13.41,16.0,0.59,28.0,2.0
-13.41,16.0,0.59,28.0,2.0
-13.41,16.0,0.59,28.0,2.0
-13.41,16.0,0.59,28.0,2.0
-13.41,16.0,0.59,28.0,2.0
-13.41,16.0,0.59,28.0,2.0
-13.41,16.0,0.59,28.0,2.0
-13.41,16.0,0.59,28.0,2.0
-13.41,16.0,0.59,28.0,2.0
-13.41,16.0,0.59,28.0,2.0
-13.41,16.0,0.59,28.0,2.0
-13.41,16.0,0.59,28.0,2.0
-13.41,16.0,0.59,28.0,2.0
-13.41,16.0,0.59,28.0,2.0
-13.41,16.0,0.59,28.0,2.0
-13.41,16.0,0.59,28.0,2.0
-13.41,16.0,0.59,28.0,2.0
-13.41,16.0,0.59,28.0,2.0
-13.41,16.0,0.59,28.0,2.0
-13.41,16.0,0.59,28.0,2.0
-13.41,16.0,0.59,28.0,2.0
-13.41,16.0,0.59,28.0,2.0
-13.41,16.0,0.59,28.0,2.0
-13.41,16.0,0.59,28.0,2.0
-13.41,16.0,0.59,28.0,2.0
-13.41,16.0,0.59,28.0,2.0
-13.41,16.0,0.59,28.0,2.0
-13.41,16.0,0.59,28.0,2.0
-13.41,16.0,0.59,28.0,2.0
-13.41,16.0,0.59,28.0,2.0
-13.41,16.0,0.59,28.0,2.0
-13.41,16.0,0.59,28.0,2.0
-13.41,16.0,0.59,28.0,2.0
-13.41,16.0,0.59,28.0,2.0
-13.41,16.0,0.59,28.0,2.0
-13.41,16.0,0.59,28.0,2.0
-13.41,16.0,0.59,28.0,2.0
-13.41,16.0,0.59,28.0,2.0
-13.41,16.0,0.59,28.0,2.0
-13.41,16.0,0.59,28.0,2.0
-13.41,16.0,0.59,28.0,2.0
-13.41,16.0,0.59,28.0,2.0
-13.41,16.0,0.59,28.0,2.0
-13.41,16.0,0.59,28.0,2.0
-13.41,16.0,0.59,28.0,2.0
-13.41,16.0,0.59,28.0,2.0
-13.41,16.0,0.59,28.0,2.0
-13.41,16.0,0.59,28.0,2.0
-13.41,16.0,0.59,28.0,2.0
-13.41,16.0,0.59,28.0,2.0
-13.41,16.0,0.59,28.0,2.0
-13.41,16.0,0.59,28.0,2.0
-13.41,16.0,0.59,28.0,2.0
-13.41,16.0,0.59,28.0,2.0
-13.41,16.0,0.59,28.0,2.0
-13.41,16.0,0.59,28.0,2.0
-13.41,16.0,0.59,28.0,2.0
-13.41,16.0,0.59,28.0,2.0
-13.41,16.0,0.59,28.0,2.0
-13.41,16.0,0.59,28.0,2.0
-13.41,16.0,0.59,28.0,2.0
-13.41,16.0,0.59,28.0,2.0
-13.41,16.0,0.59,28.0,2.0
-13.41,16.0,0.59,28.0,2.0
-13.41,16.0,0.59,28.0,2.0
-13.41,16.0,0.59,28.0,2.0
-13.41,16.0,0.59,28.0,2.0
-13.41,16.0,0.59,28.0,2.0
-13.41,16.0,0.59,28.0,2.0
-13.41,16.0,0.59,28.0,2.0
-13.41,16.0,0.59,28.0,2.0
-13.41,16.0,0.59,28.0,2.0
-13.41,16.0,0.59,28.0,2.0
-13.41,16.0,0.59,28.0,2.0
-13.41,16.0,0.59,28.0,2.0
-13.41,16.0,0.59,28.0,2.0
-13.41,16.0,0.59,28.0,2.0
-13.41,16.0,0.59,28.0,2.0
-13.41,16.0,0.59,28.0,2.0
-13.41,16.0,0.59,28.0,2.0
-13.41,16.0,0.59,28.0,2.0
-13.41,16.0,0.59,28.0,2.0
-13.41,16.0,0.59,28.0,2.0
-13.41,16.0,0.59,28.0,2.0
-13.41,16.0,0.59,28.0,2.0
-13.41,16.0,0.59,28.0,2.0
-13.41,16.0,0.59,28.0,2.0
-13.41,16.0,0.59,28.0,2.0
-13.41,16.0,0.59,28.0,2.0
-13.41,16.0,0.59,28.0,2.0
-13.41,16.0,0.59,28.0,2.0
-13.41,16.0,0.59,28.0,2.0
-13.41,16.0,0.59,28.0,2.0
-13.41,16.0,0.59,28.0,2.0
-13.41,16.0,0.59,28.0,2.0
-13.41,16.0,0.59,28.0,2.0
-13.41,16.0,0.59,28.0,2.0
-13.41,16.0,0.59,28.0,2.0
-13.41,16.0,0.59,28.0,2.0
-13.41,16.0,0.59,28.0,2.0
-13.41,16.0,0.59,28.0,2.0
-13.41,16.0,0.59,28.0,2.0
-13.41,16.0,0.59,28.0,2.0
-13.41,16.0,0.59,28.0,2.0
-13.41,16.0,0.59,28.0,2.0
-13.41,16.0,0.59,28.0,2.0
-13.41,16.0,0.59,28.0,2.0
-13.41,16.0,0.59,28.0,2.0
-13.41,16.0,0.59,28.0,2.0
-13.41,16.0,0.59,28.0,2.0
-13.41,16.0,0.59,28.0,2.0
-13.41,16.0,0.59,28.0,2.0
-13.41,16.0,0.59,28.0,2.0
-13.41,16.0,0.59,28.0,2.0
-13.41,16.0,0.59,28.0,2.0
-13.41,16.0,0.59,28.0,2.0
-13.41,16.0,0.59,28.0,2.0
-13.41,16.0,0.59,28.0,2.0
-13.41,16.0,0.59,28.0,2.0
-13.41,16.0,0.59,28.0,2.0
-13.41,16.0,0.59,28.0,2.0
-13.41,16.0,0.59,28.0,2.0
-13.41,16.0,0.59,28.0,2.0
-13.41,16.0,0.59,28.0,2.0
-13.41,16.0,0.59,28.0,2.0
-13.41,16.0,0.59,28.0,2.0
-13.41,16.0,0.59,28.0,2.0
-13.41,16.0,0.59,28.0,2.0
-13.41,16.0,0.59,28.0,2.0
-13.41,16.0,0.59,28.0,2.0
-13.41,16.0,0.59,28.0,2.0
-13.41,16.0,0.59,28.0,2.0
-13.41,16.0,0.59,28.0,2.0
-13.41,16.0,0.59,28.0,2.0
-13.41,16.0,0.59,28.0,2.0
-13.41,16.0,0.59,28.0,2.0
-13.41,16.0,0.59,28.0,2.0
-13.41,16.0,0.59,28.0,2.0
-13.41,16.0,0.59,28.0,2.0
-13.41,16.0,0.59,28.0,2.0
-13.41,16.0,0.59,28.0,2.0
-13.41,16.0,0.59,28.0,2.0
-13.41,16.0,0.59,28.0,2.0
-13.41,16.0,0.59,28.0,2.0
-13.41,16.0,0.59,28.0,2.0
-13.41,16.0,0.59,28.0,2.0
-13.41,16.0,0.59,28.0,2.0
-13.41,16.0,0.59,28.0,2.0
-13.41,16.0,0.59,28.0,2.0
-13.41,16.0,0.59,28.0,2.0
-13.41,16.0,0.59,28.0,2.0
-13.41,16.0,0.59,28.0,2.0
-13.41,16.0,0.59,28.0,2.0
-13.41,16.0,0.59,28.0,2.0
-13.41,16.0,0.59,28.0,2.0
-13.41,16.0,0.59,28.0,2.0
-13.41,16.0,0.59,28.0,2.0
-13.41,16.0,0.59,28.0,2.0
-13.41,16.0,0.59,28.0,2.0
-13.41,16.0,0.59,28.0,2.0
-13.41,16.0,0.59,28.0,2.0
-13.41,16.0,0.59,28.0,2.0
-13.41,16.0,0.59,28.0,2.0
-13.41,16.0,0.59,28.0,2.0
-13.41,16.0,0.59,28.0,2.0
-13.41,16.0,0.59,28.0,2.0
-13.41,16.0,0.59,28.0,2.0
-13.41,16.0,0.59,28.0,2.0
-13.41,16.0,0.59,28.0,2.0
-13.41,16.0,0.59,28.0,2.0
-13.41,16.0,0.59,28.0,2.0
-13.41,16.0,0.59,28.0,2.0
-13.41,16.0,0.59,28.0,2.0
-13.41,16.0,0.59,28.0,2.0
-13.41,16.0,0.59,28.0,2.0
-13.41,16.0,0.59,28.0,2.0
-13.41,16.0,0.59,28.0,2.0
-13.41,16.0,0.59,28.0,2.0
-13.41,16.0,0.59,28.0,2.0
-13.41,16.0,0.59,28.0,2.0
-13.41,16.0,0.59,28.0,2.0
-13.41,16.0,0.59,28.0,2.0
-13.41,16.0,0.59,28.0,2.0
-13.41,16.0,0.59,28.0,2.0
-13.41,16.0,0.59,28.0,2.0
-13.41,16.0,0.59,28.0,2.0
-13.41,16.0,0.59,28.0,2.0
-13.41,16.0,0.59,28.0,2.0
-13.41,16.0,0.59,28.0,2.0
-13.41,16.0,0.59,28.0,2.0
-13.41,16.0,0.59,28.0,2.0
-13.41,16.0,0.59,28.0,2.0
-13.41,16.0,0.59,28.0,2.0
-13.41,16.0,0.59,28.0,2.0
-13.41,16.0,0.59,28.0,2.0
-13.41,16.0,0.59,28.0,2.0
-13.41,16.0,0.59,28.0,2.0
-13.41,16.0,0.59,28.0,2.0
-13.41,16.0,0.59,28.0,2.0
-13.41,16.0,0.59,28.0,2.0
-13.41,16.0,0.59,28.0,2.0
-13.41,16.0,0.59,28.0,2.0
-13.41,16.0,0.59,28.0,2.0
-13.41,16.0,0.59,28.0,2.0
-13.41,16.0,0.59,28.0,2.0
-13.41,16.0,0.59,28.0,2.0
-13.41,16.0,0.59,28.0,2.0
-13.41,16.0,0.59,28.0,2.0
-13.41,16.0,0.59,28.0,2.0
-13.41,16.0,0.59,28.0,2.0
-13.41,16.0,0.59,28.0,2.0
-13.41,16.0,0.59,28.0,2.0
-13.41,16.0,0.59,28.0,2.0
-13.41,16.0,0.59,28.0,2.0
-13.41,16.0,0.59,28.0,2.0
-13.41,16.0,0.59,28.0,2.0
-13.41,16.0,0.59,28.0,2.0
-13.41,16.0,0.59,28.0,2.0
-13.41,16.0,0.59,28.0,2.0
-13.41,16.0,0.59,28.0,2.0
-13.41,16.0,0.59,28.0,2.0
-13.41,16.0,0.59,28.0,2.0
-13.41,16.0,0.59,28.0,2.0
-13.41,16.0,0.59,28.0,2.0
-13.41,16.0,0.59,28.0,2.0
-13.41,16.0,0.59,28.0,2.0
-13.41,16.0,0.59,28.0,2.0
-13.41,16.0,0.59,28.0,2.0
-13.41,16.0,0.59,28.0,2.0
-13.41,16.0,0.59,28.0,2.0
-13.41,16.0,0.59,28.0,2.0
-13.41,16.0,0.59,28.0,2.0
-13.41,16.0,0.59,28.0,2.0
-13.41,16.0,0.59,28.0,2.0
-13.41,16.0,0.59,28.0,2.0
-13.41,16.0,0.59,28.0,2.0
-13.41,16.0,0.59,28.0,2.0
-13.41,16.0,0.59,28.0,2.0
-13.41,16.0,0.59,28.0,2.0
-13.41,16.0,0.59,28.0,2.0
-13.41,16.0,0.59,28.0,2.0
-13.41,16.0,0.59,28.0,2.0
-13.41,16.0,0.59,28.0,2.0
-13.41,16.0,0.59,28.0,2.0
-13.41,16.0,0.59,28.0,2.0
-13.41,16.0,0.59,28.0,2.0
-13.41,16.0,0.59,28.0,2.0
-13.41,16.0,0.59,28.0,2.0
-13.41,16.0,0.59,28.0,2.0
-13.41,16.0,0.59,28.0,2.0
-13.41,16.0,0.59,28.0,2.0
-13.41,16.0,0.59,28.0,2.0
-13.41,16.0,0.59,28.0,2.0
-13.41,16.0,0.59,28.0,2.0
-13.41,16.0,0.59,28.0,2.0
-13.41,16.0,0.59,28.0,2.0
-13.41,16.0,0.59,28.0,2.0
-13.41,16.0,0.59,28.0,2.0
-13.41,16.0,0.59,28.0,2.0
-13.41,16.0,0.59,28.0,2.0
-13.41,16.0,0.59,28.0,2.0
-13.41,16.0,0.59,28.0,2.0
-13.41,16.0,0.59,28.0,2.0
-13.41,16.0,0.59,28.0,2.0
-13.41,16.0,0.59,28.0,2.0
-13.41,16.0,0.59,28.0,2.0
-13.41,16.0,0.59,28.0,2.0
-13.41,16.0,0.59,28.0,2.0
-13.41,16.0,0.59,28.0,2.0
-13.41,16.0,0.59,28.0,2.0
-13.41,16.0,0.59,28.0,2.0
-13.41,16.0,0.59,28.0,2.0
-13.41,16.0,0.59,28.0,2.0
-13.41,16.0,0.59,28.0,2.0
-13.41,16.0,0.59,28.0,2.0
-13.41,16.0,0.59,28.0,2.0
-13.41,16.0,0.59,28.0,2.0
-13.41,16.0,0.59,28.0,2.0
-13.41,16.0,0.59,28.0,2.0
-13.41,16.0,0.59,28.0,2.0
-13.41,16.0,0.59,28.0,2.0
-13.41,16.0,0.59,28.0,2.0
-13.41,16.0,0.59,28.0,2.0
-13.41,16.0,0.59,28.0,2.0
-13.41,16.0,0.59,28.0,2.0
-13.41,16.0,0.59,28.0,2.0
-13.41,16.0,0.59,28.0,2.0
-13.41,16.0,0.59,28.0,2.0
-13.41,16.0,0.59,28.0,2.0
-13.41,16.0,0.59,28.0,2.0
-13.41,16.0,0.59,28.0,2.0
-13.41,16.0,0.59,28.0,2.0
-13.41,16.0,0.59,28.0,2.0
-13.41,16.0,0.59,28.0,2.0
-13.41,16.0,0.59,28.0,2.0
-13.41,16.0,0.59,28.0,2.0
-13.41,16.0,0.59,28.0,2.0
-13.41,16.0,0.59,28.0,2.0
-13.41,16.0,0.59,28.0,2.0
-13.41,16.0,0.59,28.0,2.0
-13.41,16.0,0.59,28.0,2.0
-13.41,16.0,0.59,28.0,2.0
-13.41,16.0,0.59,28.0,2.0
-13.41,16.0,0.59,28.0,2.0
-13.41,16.0,0.59,28.0,2.0
-13.41,16.0,0.59,28.0,2.0
-13.41,16.0,0.59,28.0,2.0
-13.41,16.0,0.59,28.0,2.0
-13.41,16.0,0.59,28.0,2.0
-13.41,16.0,0.59,28.0,2.0
-13.41,16.0,0.59,28.0,2.0
-13.41,16.0,0.59,28.0,2.0
-13.41,16.0,0.59,28.0,2.0
-13.41,16.0,0.59,28.0,2.0
-13.41,16.0,0.59,28.0,2.0
-13.41,16.0,0.59,28.0,2.0
-13.41,16.0,0.59,28.0,2.0
-13.41,16.0,0.59,28.0,2.0
-13.41,16.0,0.59,28.0,2.0
-13.41,16.0,0.59,28.0,2.0
-13.41,16.0,0.59,28.0,2.0
-13.41,16.0,0.59,28.0,2.0
-13.41,16.0,0.59,28.0,2.0
-13.41,16.0,0.59,28.0,2.0
-13.41,16.0,0.59,28.0,2.0
-13.41,16.0,0.59,28.0,2.0
-13.41,16.0,0.59,28.0,2.0
-13.41,16.0,0.59,28.0,2.0
-13.41,16.0,0.59,28.0,2.0
-13.41,16.0,0.59,28.0,2.0
-13.41,16.0,0.59,28.0,2.0
-13.41,16.0,0.59,28.0,2.0
-13.41,16.0,0.59,28.0,2.0
-13.41,16.0,0.59,28.0,2.0
-13.41,16.0,0.59,28.0,2.0
-13.41,16.0,0.59,28.0,2.0
-13.41,16.0,0.59,28.0,2.0
-13.41,16.0,0.59,28.0,2.0
-13.41,16.0,0.59,28.0,2.0
-13.41,16.0,0.59,28.0,2.0
-13.41,16.0,0.59,28.0,2.0
-13.41,16.0,0.59,28.0,2.0
-13.41,16.0,0.59,28.0,2.0
-13.41,16.0,0.59,28.0,2.0
-13.41,16.0,0.59,28.0,2.0
-13.41,16.0,0.59,28.0,2.0
-13.41,16.0,0.59,28.0,2.0
-13.41,16.0,0.59,28.0,2.0
-13.41,16.0,0.59,28.0,2.0
-13.41,16.0,0.59,28.0,2.0
-13.41,16.0,0.59,28.0,2.0
-13.41,16.0,0.59,28.0,2.0
-13.41,16.0,0.59,28.0,2.0
-13.41,16.0,0.59,28.0,2.0
-13.41,16.0,0.59,28.0,2.0
-13.41,16.0,0.59,28.0,2.0
-13.41,16.0,0.59,28.0,2.0
-13.41,16.0,0.59,28.0,2.0
-13.41,16.0,0.59,28.0,2.0
-13.41,16.0,0.59,28.0,2.0
-13.41,16.0,0.59,28.0,2.0
-13.41,16.0,0.59,28.0,2.0
-13.41,16.0,0.59,28.0,2.0
-13.41,16.0,0.59,28.0,2.0
-13.41,16.0,0.59,28.0,2.0
-13.41,16.0,0.59,28.0,2.0
-13.41,16.0,0.59,28.0,2.0
-13.41,16.0,0.59,28.0,2.0
-13.41,16.0,0.59,28.0,2.0
-13.41,16.0,0.59,28.0,2.0
-13.41,16.0,0.59,28.0,2.0
-13.41,16.0,0.59,28.0,2.0
-13.41,16.0,0.59,28.0,2.0
-13.41,16.0,0.59,28.0,2.0
-13.41,16.0,0.59,28.0,2.0
-13.41,16.0,0.59,28.0,2.0
-13.41,16.0,0.59,28.0,2.0
-13.41,16.0,0.59,28.0,2.0
-13.41,16.0,0.59,28.0,2.0
-13.41,16.0,0.59,28.0,2.0
-13.41,16.0,0.59,28.0,2.0
-13.41,16.0,0.59,28.0,2.0
-13.41,16.0,0.59,28.0,2.0
-13.41,16.0,0.59,28.0,2.0
-13.41,16.0,0.59,28.0,2.0
-13.41,16.0,0.59,28.0,2.0
-13.41,16.0,0.59,28.0,2.0
-13.41,16.0,0.59,28.0,2.0
-13.41,16.0,0.59,28.0,2.0
-13.41,16.0,0.59,28.0,2.0
-13.41,16.0,0.59,28.0,2.0
-13.41,16.0,0.59,28.0,2.0
-13.41,16.0,0.59,28.0,2.0
-13.41,16.0,0.59,28.0,2.0
-13.41,16.0,0.59,28.0,2.0
-13.41,16.0,0.59,28.0,2.0
-13.41,16.0,0.59,28.0,2.0
-13.41,16.0,0.59,28.0,2.0
-13.41,16.0,0.59,28.0,2.0
-13.41,16.0,0.59,28.0,2.0
-13.41,16.0,0.59,28.0,2.0
-13.41,16.0,0.59,28.0,2.0
-13.41,16.0,0.59,28.0,2.0
-13.41,16.0,0.59,28.0,2.0
-13.41,16.0,0.59,28.0,2.0
-13.41,16.0,0.59,28.0,2.0
-13.41,16.0,0.59,28.0,2.0
-13.41,16.0,0.59,28.0,2.0
-13.41,16.0,0.59,28.0,2.0
-13.41,16.0,0.59,28.0,2.0
-13.41,16.0,0.59,28.0,2.0
-13.41,16.0,0.59,28.0,2.0
-13.41,16.0,0.59,28.0,2.0
-13.41,16.0,0.59,28.0,2.0
-13.41,16.0,0.59,28.0,2.0
-13.41,16.0,0.59,28.0,2.0
-13.41,16.0,0.59,28.0,2.0
-13.41,16.0,0.59,28.0,2.0
-13.41,16.0,0.59,28.0,2.0
-13.41,16.0,0.59,28.0,2.0
-13.41,16.0,0.59,28.0,2.0
-13.41,16.0,0.59,28.0,2.0
-13.41,16.0,0.59,28.0,2.0
-13.41,16.0,0.59,28.0,2.0
-13.41,16.0,0.59,28.0,2.0
-13.41,16.0,0.59,28.0,2.0
-13.41,16.0,0.59,28.0,2.0
-13.41,16.0,0.59,28.0,2.0
-13.41,16.0,0.59,28.0,2.0
-13.41,16.0,0.59,28.0,2.0
-13.41,16.0,0.59,28.0,2.0
-13.41,16.0,0.59,28.0,2.0
-13.41,16.0,0.59,28.0,2.0
-13.41,16.0,0.59,28.0,2.0
-13.41,16.0,0.59,28.0,2.0
-13.41,16.0,0.59,28.0,2.0
-13.41,16.0,0.59,28.0,2.0
-13.41,16.0,0.59,28.0,2.0
-13.41,16.0,0.59,28.0,2.0
-13.41,16.0,0.59,28.0,2.0
-13.41,16.0,0.59,28.0,2.0
-13.41,16.0,0.59,28.0,2.0
-13.41,16.0,0.59,28.0,2.0
-13.41,16.0,0.59,28.0,2.0
-13.41,16.0,0.59,28.0,2.0
-13.41,16.0,0.59,28.0,2.0
-13.41,16.0,0.59,28.0,2.0
-13.41,16.0,0.59,28.0,2.0
-13.41,16.0,0.59,28.0,2.0
-13.41,16.0,0.59,28.0,2.0
-13.41,16.0,0.59,28.0,2.0
-13.41,16.0,0.59,28.0,2.0
-13.41,16.0,0.59,28.0,2.0
-13.41,16.0,0.59,28.0,2.0
-13.41,16.0,0.59,28.0,2.0
-13.41,16.0,0.59,28.0,2.0
-13.41,16.0,0.59,28.0,2.0
-13.41,16.0,0.59,28.0,2.0
-13.41,16.0,0.59,28.0,2.0
-13.41,16.0,0.59,28.0,2.0
-13.41,16.0,0.59,28.0,2.0
-13.41,16.0,0.59,28.0,2.0
-13.41,16.0,0.59,28.0,2.0
-13.41,16.0,0.59,28.0,2.0
-13.41,16.0,0.59,28.0,2.0
-13.41,16.0,0.59,28.0,2.0
-13.41,16.0,0.59,28.0,2.0
-13.41,16.0,0.59,28.0,2.0
-13.41,16.0,0.59,28.0,2.0
-13.41,16.0,0.59,28.0,2.0
-13.41,16.0,0.59,28.0,2.0
-13.41,16.0,0.59,28.0,2.0
-13.41,16.0,0.59,28.0,2.0
-13.41,16.0,0.59,28.0,2.0
-13.41,16.0,0.59,28.0,2.0
-13.41,16.0,0.59,28.0,2.0
-13.41,16.0,0.59,28.0,2.0
-13.41,16.0,0.59,28.0,2.0
-13.41,16.0,0.59,28.0,2.0
-13.41,16.0,0.59,28.0,2.0
-13.41,16.0,0.59,28.0,2.0
-13.41,16.0,0.59,28.0,2.0
-13.41,16.0,0.59,28.0,2.0
-13.41,16.0,0.59,28.0,2.0
-13.41,16.0,0.59,28.0,2.0
-13.41,16.0,0.59,28.0,2.0
-13.41,16.0,0.59,28.0,2.0
-13.41,16.0,0.59,28.0,2.0
-13.41,16.0,0.59,28.0,2.0
-13.41,16.0,0.59,28.0,2.0
-13.41,16.0,0.59,28.0,2.0
-13.41,16.0,0.59,28.0,2.0
-13.41,16.0,0.59,28.0,2.0
-13.41,16.0,0.59,28.0,2.0
-13.41,16.0,0.59,28.0,2.0
-13.41,16.0,0.59,28.0,2.0
-13.41,16.0,0.59,28.0,2.0
-13.41,16.0,0.59,28.0,2.0
-13.41,16.0,0.59,28.0,2.0
-13.41,16.0,0.59,28.0,2.0
-13.41,16.0,0.59,28.0,2.0
-13.41,16.0,0.59,28.0,2.0
-13.41,16.0,0.59,28.0,2.0
-13.41,16.0,0.59,28.0,2.0
-13.41,16.0,0.59,28.0,2.0
-13.41,16.0,0.59,28.0,2.0
-13.41,16.0,0.59,28.0,2.0
-13.41,16.0,0.59,28.0,2.0
-13.41,16.0,0.59,28.0,2.0
-13.41,16.0,0.59,28.0,2.0
-13.41,16.0,0.59,28.0,2.0
-13.41,16.0,0.59,28.0,2.0
-13.41,16.0,0.59,28.0,2.0
-13.41,16.0,0.59,28.0,2.0
-13.41,16.0,0.59,28.0,2.0
-13.41,16.0,0.59,28.0,2.0
-13.41,16.0,0.59,28.0,2.0
-13.41,16.0,0.59,28.0,2.0
-13.41,16.0,0.59,28.0,2.0
-13.41,16.0,0.59,28.0,2.0
-13.41,16.0,0.59,28.0,2.0
-13.41,16.0,0.59,28.0,2.0
-13.41,16.0,0.59,28.0,2.0
-13.41,16.0,0.59,28.0,2.0
-13.41,16.0,0.59,28.0,2.0
-13.41,16.0,0.59,28.0,2.0
-13.41,16.0,0.59,28.0,2.0
-13.41,16.0,0.59,28.0,2.0
-13.41,16.0,0.59,28.0,2.0
-13.41,16.0,0.59,28.0,2.0
-13.41,16.0,0.59,28.0,2.0
-13.41,16.0,0.59,28.0,2.0
-13.41,16.0,0.59,28.0,2.0
-13.41,16.0,0.59,28.0,2.0
-13.41,16.0,0.59,28.0,2.0
-13.41,16.0,0.59,28.0,2.0
-13.41,16.0,0.59,28.0,2.0
-13.41,16.0,0.59,28.0,2.0
-13.41,16.0,0.59,28.0,2.0
-13.41,16.0,0.59,28.0,2.0
-13.41,16.0,0.59,28.0,2.0
-13.41,16.0,0.59,28.0,2.0
-13.41,16.0,0.59,28.0,2.0
-13.41,16.0,0.59,28.0,2.0
-13.399999999999999,16.0,0.6,28.0,2.0
-13.399999999999999,16.0,0.6,28.0,2.0
-13.399999999999999,16.0,0.6,28.0,2.0
-13.399999999999999,16.0,0.6,28.0,2.0
-13.399999999999999,16.0,0.6,28.0,2.0
-13.399999999999999,16.0,0.6,28.0,2.0
-13.399999999999999,16.0,0.6,28.0,2.0
-13.399999999999999,16.0,0.6,28.0,2.0
-13.399999999999999,16.0,0.6,28.0,2.0
-13.399999999999999,16.0,0.6,28.0,2.0
-13.399999999999999,16.0,0.6,28.0,2.0
-13.399999999999999,16.0,0.6,28.0,2.0
-13.399999999999999,16.0,0.6,28.0,2.0
-13.399999999999999,16.0,0.6,28.0,2.0
-13.399999999999999,16.0,0.6,28.0,2.0
-13.399999999999999,16.0,0.6,28.0,2.0
-13.399999999999999,16.0,0.6,28.0,2.0
-13.399999999999999,16.0,0.6,28.0,2.0
-13.399999999999999,16.0,0.6,28.0,2.0
-13.399999999999999,16.0,0.6,28.0,2.0
-13.399999999999999,16.0,0.6,28.0,2.0
-13.399999999999999,16.0,0.6,28.0,2.0
-13.399999999999999,16.0,0.6,28.0,2.0
-13.399999999999999,16.0,0.6,28.0,2.0
-13.399999999999999,16.0,0.6,28.0,2.0
-13.399999999999999,16.0,0.6,28.0,2.0
-13.399999999999999,16.0,0.6,28.0,2.0
-13.399999999999999,16.0,0.6,28.0,2.0
-13.399999999999999,16.0,0.6,28.0,2.0
-13.399999999999999,16.0,0.6,28.0,2.0
-13.399999999999999,16.0,0.6,28.0,2.0
-13.399999999999999,16.0,0.6,28.0,2.0
-13.399999999999999,16.0,0.6,28.0,2.0
-13.399999999999999,16.0,0.6,28.0,2.0
-13.399999999999999,16.0,0.6,28.0,2.0
-13.399999999999999,16.0,0.6,28.0,2.0
-13.399999999999999,16.0,0.6,28.0,2.0
-13.399999999999999,16.0,0.6,28.0,2.0
-13.399999999999999,16.0,0.6,28.0,2.0
-13.399999999999999,16.0,0.6,28.0,2.0
-13.399999999999999,16.0,0.6,28.0,2.0
-13.399999999999999,16.0,0.6,28.0,2.0
-13.399999999999999,16.0,0.6,28.0,2.0
-13.399999999999999,16.0,0.6,28.0,2.0
-13.399999999999999,16.0,0.6,28.0,2.0
-13.399999999999999,16.0,0.6,28.0,2.0
-13.399999999999999,16.0,0.6,28.0,2.0
-13.399999999999999,16.0,0.6,28.0,2.0
-13.399999999999999,16.0,0.6,28.0,2.0
-13.399999999999999,16.0,0.6,28.0,2.0
-13.399999999999999,16.0,0.6,28.0,2.0
-13.399999999999999,16.0,0.6,28.0,2.0
-13.399999999999999,16.0,0.6,28.0,2.0
-13.399999999999999,16.0,0.6,28.0,2.0
-13.399999999999999,16.0,0.6,28.0,2.0
-13.399999999999999,16.0,0.6,28.0,2.0
-13.399999999999999,16.0,0.6,28.0,2.0
-13.399999999999999,16.0,0.6,28.0,2.0
-13.399999999999999,16.0,0.6,28.0,2.0
-13.399999999999999,16.0,0.6,28.0,2.0
-13.399999999999999,16.0,0.6,28.0,2.0
-13.399999999999999,16.0,0.6,28.0,2.0
-13.399999999999999,16.0,0.6,28.0,2.0
-13.399999999999999,16.0,0.6,28.0,2.0
-13.399999999999999,16.0,0.6,28.0,2.0
-13.399999999999999,16.0,0.6,28.0,2.0
-13.399999999999999,16.0,0.6,28.0,2.0
-13.399999999999999,16.0,0.6,28.0,2.0
-13.399999999999999,16.0,0.6,28.0,2.0
-13.399999999999999,16.0,0.6,28.0,2.0
-13.399999999999999,16.0,0.6,28.0,2.0
-13.399999999999999,16.0,0.6,28.0,2.0
-13.399999999999999,16.0,0.6,28.0,2.0
-13.399999999999999,16.0,0.6,28.0,2.0
-13.399999999999999,16.0,0.6,28.0,2.0
-13.399999999999999,16.0,0.6,28.0,2.0
-13.399999999999999,16.0,0.6,28.0,2.0
-13.399999999999999,16.0,0.6,28.0,2.0
-13.399999999999999,16.0,0.6,28.0,2.0
-13.399999999999999,16.0,0.6,28.0,2.0
-13.399999999999999,16.0,0.6,28.0,2.0
-13.399999999999999,16.0,0.6,28.0,2.0
-13.399999999999999,16.0,0.6,28.0,2.0
-13.399999999999999,16.0,0.6,28.0,2.0
-13.399999999999999,16.0,0.6,28.0,2.0
-13.399999999999999,16.0,0.6,28.0,2.0
-13.399999999999999,16.0,0.6,28.0,2.0
-13.399999999999999,16.0,0.6,28.0,2.0
-13.399999999999999,16.0,0.6,28.0,2.0
-13.399999999999999,16.0,0.6,28.0,2.0
-13.399999999999999,16.0,0.6,28.0,2.0
